,사전
0,화이트초콜릿
1,핫케이크
2,돼지갈비고추장케첩조림
3,두부피자
4,두부채소냉채
5,검은콩
6,황파프리카
7,단호박튀김
8,크로켓
9,감
10,아마렛띠
11,우엉대
12,무스띠
13,흑임자깨죽
14,생강즙
15,콩나물
16,갖가지
17,버터
18,북어포
19,노른자
20,유부쌈밥
21,메론
22,숯
23,바닐라아이스크림
24,왕새우
25,닭고기덮밥
26,콘프레이크
27,쇠고기두반장스파게티
28,봄브가나슈케이크
29,귤주스
30,토마토케첩/설탕/버터/밀가루
31,[토핑]
32,주스
33,마른오징어조림
34,양파
35,쵸코칩쿠키
36,호박두부찌개
37,바나나스프레드토스트
38,브라우니
39,돼지고기
40,루꼴라
41,뷔슈드노엘
42,카레국수
43,사태
44,육두구
45,두부드레싱과 채소샐러드
46,동아
47,그릴드쉬림프
48,더덕구이
49,북어고추장구이
50,해물간장링귀니
51,바질
52,콩나물북어채국
53,채소피클깻잎말이
54,녹말물
55,돈부리
56,파프리카파우더
57,냉면
58,아욱
59,아이스크림와플
60,연근전
61,콘버터
62,일식계란찜
63,봄나물돼지고기구이
64,고사리
65,하우스시즈닝
66,리코타치즈
67,해물전골
68,배추김치
69,해물지지기
70,샐러리
71,링도넛
72,오징어채
73,생선탕수
74,쇠고기버섯덮밥
75,녹두녹말
76,마늘빵
77,삶은계란노른자
78,오븐감자구이
79,물엿
80,도라지나물
81,불린미역
82,무당근피클
83,닭안심채소말이
84,스팸스시
85,수삼치즈샐러드
86,뜨거운물
87,베이컨꼬치구이
88,애플소스
89,밤
90,깨소스밥꼬치
91,문어다리
92,크박
93,시나몬파우더
94,불린쌀
95,딤섬
96,봄동바지락볶음
97,채썬쇠고기
98,커리파우더
99,새송이버섯구이
100,조개샐러드
101,[치즈무스]
102,청량고추
103,잔치국수
104,각종유기농채소
105,팥
106,게살과 소바 샐러드
107,닭발
108,매운고추
109,메기
110,샐러드용
111,꽃빵
112,참치볼케첩조림
113,치즈스틱
114,사과탕
115,스타키스트참치
116,문전초밥
117,가루설탕
118,새우(중하)
119,흰후춧가루
120,별미밥
121,오렌지소스탕수육
122,레이즌쇠고기샐러드
123,전분
124,미니바나나
125,오징어풋마늘산적
126,옥수수캔
127,찹쌀풀
128,은행탕
129,설탕A
130,도라지
131,죽순회와미나리강회
132,홍합찜
133,산초가루
134,과일돈까스와소스
135,강된장찌개
136,파인애플탕수육
137,알팔파싹
138,메밀가루
139,라임즙
140,크로와상
141,맛조개
142,도라지생채
143,안심스테이크
144,채소비빔소면
145,춘장
146,다진청고추
147,굴소스 죽순버섯볶음
148,돼지등갈비
149,드라이진
150,꼴뚜기
151,닭고기소스와굴비튀김
152,해물파전
153,중국식짬뽕
154,해물볶음밥
155,생크림무스
156,라면샤부샤부
157,단호박크림수프
158,고구마스프
159,가재새우
160,향
161,청포묵전
162,마멀레이드
163,다진마늘
164,김치오꼬노미야끼
165,돼지고기치즈말이튀김
166,토마토주스
167,호박잎
168,초코볼
169,와사비간장
170,흰자
171,레드
172,카스텔라
173,올리브유
174,메기매운탕
175,케이준치킨샐러드
176,연어채소채말이
177,마쉬멜로우볼
178,[모짜렐라치즈샌드위치]
179,목살
180,미니핫도그
181,월남쌈
182,스위트버무스
183,쇠고기육수
184,사과주스
185,파마산
186,조개관자
187,향신양념콩나물무침
188,그린치커리
189,수박
190,베이컨떡말이조림
191,두부완자전
192,고구마깔조네
193,콩국젤리
194,고등어강정
195,술
196,철판우동
197,굴소스파스타
198,유부냉채
199,채소수프
200,정통일본식우동
201,냉이된장찌개
202,장어두부
203,가쓰오브시
204,토마토와찐갈치
205,오레가노
206,고사리볶음
207,고동
208,부침가루
209,식빵모서리튀김
210,햄마늘볶음
211,땅콩버터쿠키
212,껍질벗긴새우
213,새송이
214,통마늘장아찌
215,양파쌈파이
216,피자반죽
217,모시조개탕
218,마늘쫑
219,간전
220,순두부
221,[튀김옷]
222,소라
223,꾸엥뜨로
224,양상추
225,라이스페이퍼
226,땅콩강정
227,총각김치
228,버섯 크림 리조또
229,호박미니버거
230,명란젓
231,생갈비
232,열무
233,장똑똑이
234,통생강
235,블랙올리브
236,샐러드
237,까망베르치즈
238,아몬드가루
239,새우튀김햄버거
240,닭칼국수
241,죽순
242,시나몬돼지고기편
243,상추채소무침
244,발사믹드레싱
245,레이즌비스코티
246,다진당근
247,연근볶음
248,짜춘권
249,마요네즈새우
250,[새우패티]
251,마카로니
252,빵가루
253,보쌈김치
254,오이나물
255,베이컨메추리알말이
256,건과류(건살구)
257,계란돈부리
258,잣가루
259,탕수육
260,빈스크림왕새우
261,성게알
262,참빛고운
263,치킨케밥구이
264,아메리칸치즈
265,껍질콩
266,모양쿠키
267,고구마전
268,고구마파이
269,쇠고기전골
270,조미료
271,간장게장
272,참빛고운포도씨유
273,버팔로치즈
274,루꼴라 피자
275,모시조개
276,잡채전병튀김
277,불고기
278,떡잡채
279,후추
280,흑미
281,임연수쑥완자탕
282,아몬드파우더
283,굴꼬치구이
284,문어
285,닭안심카레튀김
286,감자피자구이
287,[장식용]
288,샤브샤브
289,닭고기콩나물덮밥
290,채소
291,미나리
292,차조
293,알탕
294,냉이
295,떡만두국
296,닭고기냄비
297,콘새우계란찜
298,서양식가자미구이와발사믹소스
299,오징어먹물
300,팥시루떡
301,김치연어롤
302,[도우]
303,갓김치
304,청피망
305,밀가루반죽
306,두부알찜
307,통조림과일
308,아메리칸닭구이
309,아메리카노
310,다진샐러리
311,검정깨
312,군만두
313,참치회
314,우동사리
315,식빵
316,하트오믈렛
317,만두피치즈스틱
318,시저샐러드프렌치드레싱
319,육개장
320,판체타
321,향신료
322,찬밥지짐이
323,실깨
324,그린샐러드
325,붕어
326,롱아일랜드아이스티
327,시금치된장국
328,파프리카볶음밥
329,달래오이무침
330,고추장북어찌개
331,무스틀
332,제스트
333,블랙스파게티
334,불고기양념
335,향신양념잡채
336,아스파라거스베이컨말이
337,멸치
338,베이컨미니커틀릿
339,[비스퀴]
340,원추리
341,모양틀
342,쇠고기김치말이
343,김치꽁치조림
344,두부오코노미야키
345,불고기샐러드
346,열무김치냉면
347,참나물
348,빨간색색소
349,해물빠에야
350,자색고구마수프
351,회덮밥
352,버섯스프
353,연유
354,콩나물비빔밥
355,가지튀김
356,도토리묵무침
357,오색주먹밥도시락
358,수정과샤베트
359,플레인요거트
360,삼색밀쌈
361,중국식연두부
362,딸기와아몬드추이르
363,레인보우설기
364,멸치젓
365,닭가슴살
366,오렌지건포도빵
367,중국식오징어볶음
368,오징어산적
369,트러프쉘
370,해물샤브샤브
371,프레시파머산치즈
372,유자청
373,훈제연어
374,블루치즈
375,미역수제비
376,핫도그샌드위치
377,통배추김치
378,샤워크림
379,간수
380,무염버터
381,누룽지탕
382,한식닭양념구이
383,계피가루
384,버섯크림수프
385,참치회무침
386,팥앙금
387,각얼음
388,라면채소스파게티
389,바게트샌드위치
390,굴비기노메야끼
391,게
392,향신양념무장아찌
393,[비스꼬또]
394,버섯잡채
395,조
396,생칼국수
397,돌나물김치
398,과일 깍기
399,굴튀김
400,보리
401,시칠리아식 가지요리
402,버섯호일찜
403,분태땅콩
404,즙
405,팔보채
406,찬물
407,[케이크시트]계란
408,애플크레이프
409,배머랭
410,낙지
411,셀러리
412,굴비매운탕
413,건포도찰떡파이
414,건포도
415,베이킹파우터
416,쇠고기양상추볶음
417,오색대하찜
418,모짜렐라 카프레제
419,두유빙수
420,파프리카
421,갈치채소말이조림
422,날치알
423,옥수수볶음밥
424,이태리파슬리
425,강력분
426,레몬수플레
427,통도라지
428,해물순두부찌개
429,오렌지크레이프
430,흰쌀
431,꼬막양념찜
432,프럼케이크
433,문어살
434,돼지고기스테이크와구운사과
435,장어초밥
436,후리카케
437,약식케이크
438,냉이조갯국
439,미온수
440,원형틀
441,깻잎롤김치
442,식용색소
443,시루떡
444,청/홍파프리카
445,생표고버섯
446,명태포조림
447,메이플시럽
448,체리토마토
449,코코아스펀지
450,홍어
451,시금치계란말이
452,[라이스버거]
453,옥수수오믈렛
454,각종
455,약과
456,삶은
457,백앙금
458,맑은육수
459,두유
460,제육겨자쌈
461,당근케이크
462,옥수수프리터
463,파마산치즈가루
464,오이피클
465,마쉬멜로우
466,수삼영양밥
467,양장피
468,페퍼로니
469,화전
470,후춧가루
471,비프케밥
472,순창콩된장
473,마른홍고추
474,[설탕물]설탕
475,커버츄어초콜릿
476,치킨감자롤
477,버섯크림스파게티
478,김밥계란말이
479,백미
480,곶감
481,홍합치즈구이
482,색색단자
483,피넛소스와밥
484,바게뜨
485,쇠꼬리
486,송어상추까나페
487,햄치즈롤샌드위치
488,오징어섞박지
489,무지개초밥
490,두부카나페
491,삼겹살
492,삼색라이스케이크
493,닭안심삼색튀김
494,드라이이스트
495,꽃게
496,장어구이
497,현미
498,소다수
499,케첩볶음밥
500,주황파프리카
501,과일타틀렛
502,과일통조림
503,新고구마경단
504,랩
505,와사비문어숙회
506,양배춧국
507,작은새우
508,양송이크림수프
509,장식용
510,레이즌셔벗
511,망고라씨
512,참치김치찌개
513,먹물주머니
514,보고또보고닭발
515,김치수제비
516,찬밥인절미
517,두붓국
518,감자&고구마치즈옹심이
519,어묵
520,설탕
521,닭가슴살샐러드
522,설탕ⓑ
523,새우볶음밥춘권피튀김
524,생크림
525,럼레이즌
526,초록색색소
527,스팀보트
528,버섯볶음과들깨소스
529,현미초밥
530,플랜터즈
531,삼치조림구이
532,1차반죽
533,삼치
534,생이스트
535,포도
536,토마토샐러드
537,개고기
538,꽁치통조림
539,차이브
540,칠리소스라이스
541,날콩가루
542,다진오이
543,곤약소박이
544,무말랭이장아찌
545,회냉면
546,초코넛트바
547,짬뽕해물탕밥
548,정향
549,오과차
550,미나리나물
551,치즈떡볶이
552,특수채소
553,겨자
554,요리술
555,고춧가루
556,참치김치말이
557,실부추
558,산딸기퓨레
559,마늘
560,오븐채소구이
561,베이컨
562,곤약무침
563,묵과양념장
564,까나페
565,느타리버섯볶음
566,홍시
567,브라우니치즈쿠키
568,레드치커리
569,오무라안메밀국수
570,과일카스테라
571,불고기꽃만두
572,간마늘
573,바게트라이스
574,두부허브샐러드
575,시칠리아식 파스타
576,코다리강정
577,된장
578,쌈용채소
579,기타채소
580,사태장육
581,두부소박이
582,커런트
583,팽이버섯
584,새싹채소
585,고들빼기
586,동치미국물
587,쌈장
588,흰떡베이컨말이피자
589,대구전
590,들깨가루
591,밤만주
592,페델리니 카르보나라
593,초콜릿]
594,가토쇼콜라
595,시미루
596,차돌박이
597,허브
598,캄파리
599,콘플레이크
600,설탕B
601,조기매운탕
602,오믈렛도시락
603,팥타르트
604,맛살
605,포도씨오일
606,오보로
607,갈비살
608,생땅콩
609,망고시미루
610,치커리
611,당근채 견과류샐러드
612,완두콩수프
613,로메인
614,갈비구이
615,닭뼈
616,풋배추
617,스타키스트참치통조림
618,두부젓국찌개
619,돼지기름
620,유부만두탕
621,다시마튀각
622,무청
623,붉은갓
624,빨간파프리카
625,닭가슴살해파리샐러드
626,현미과일케이크
627,계란노른자
628,생선조림
629,블루베리케이크
630,꽁치튀김
631,밀가루
632,불린해삼
633,치킨랩샌드위치
634,조기
635,골뱅이냉채
636,파마산가루
637,청경채
638,파스타그라탕
639,박고지
640,오징어강회
641,푸질리
642,산딸기무스케이크
643,[계피설탕]
644,백설기
645,김치말이미트로프
646,혹은
647,비빔국수
648,우렁된장쌈밥
649,상치적
650,파프리카향의 치킨셀러드
651,가자미조림
652,Fresh Spring Roll
653,돼지고기안심
654,데쎄르
655,닭가슴살 샐러드와 오렌지드레싱
656,아구찜
657,고들빼기김치
658,케이준입힌갈치와이탈리안드레싱
659,영양부추
660,치즈멸치볼
661,크라포딘닭구이
662,케이크크럼
663,감자고로케
664,초코비스킷가루
665,생선버터구이
666,무맑은국
667,버섯볶음
668,다진실파
669,미역냉국
670,롤치킨
671,소꼬리
672,꽃게탕
673,시판용육수
674,꼬치
675,골뱅이
676,삼겹살레몬찜
677,굴소스와 튀김갈치
678,닭날개튀김
679,일본식도시락
680,은박컵
681,애호박
682,청/홍고추
683,명란찜
684,두부오믈렛
685,버섯슈마이
686,김치채소쌈
687,과일팥빙수
688,치즈돈까스
689,삼겹살깻잎전
690,석류
691,라조기
692,중국식오이김치
693,백김치
694,주꾸미
695,감자
696,클래식 쇼콜라
697,요거트크림새우
698,젤리팥빙수
699,치킨볼과소면
700,조개맑은탕
701,양배추
702,파슬리
703,냉이초무침
704,튀김기름
705,감자전분
706,패주
707,오징어떡볶음
708,생대구
709,망고퓨레
710,두부스테이크
711,양유치즈
712,캘리포니아롤
713,토마토홀
714,까르보나라 (이탈리아식)
715,계란후라이
716,자라살
717,건포도럼코코아초콜릿
718,새우만두
719,밀국수
720,양상추참치샐러드
721,고등어조림
722,쿠엥트로
723,빕앤터커파스타
724,고추잡채와꽃빵
725,꽃상추쌈
726,아마뜨리치아나스파게티
727,과일젤리
728,은대구살
729,꽃게해물탕
730,해산물샐러드
731,슬라이스치즈
732,무
733,돼지고기치즈지짐
734,불고기찹쌀구이
735,현미땅콩죽
736,마파두부
737,호도
738,치즈파강회
739,배숙
740,[반죽]
741,[장식재료]
742,커피에센스
743,견과류
744,명란스파게티
745,발사믹식초
746,굴깍두기
747,포크소테
748,고추기름
749,오이냉국
750,총각무
751,깻잎조림
752,치자
753,딸기퓌레
754,스위트앤사워
755,우무
756,타코샌드위치
757,게살소스스파게티
758,꼬마버거
759,바치디다마쿠키
760,허브를입혀튀긴새우와레몬드레싱
761,와인소스미트볼
762,취나물
763,국간장
764,올리브오일
765,해삼
766,해물라이스그라탕
767,신선로
768,청로즈잎
769,떡김밥
770,원두커피
771,도넛틀
772,가지김치
773,카펠리니 버섯 크림파스타
774,베이컨마늘조림
775,페투치니
776,밥
777,비타민잎
778,살라미
779,바나나머핀
780,풋마늘쇠고기강회
781,기타
782,"잼(사과, 딸기, 포도)"
783,꽁치김치찌개
784,연어살
785,레몬에이드
786,청파프리카
787,달래
788,새우우니야끼(새우성게구이)
789,깻잎말이김치
790,가리비그라탕
791,삶은고구마
792,어니언그라탱수프
793,옥수수크로켓
794,레몬즙
795,녹인버터
796,두부조림
797,[시럽]
798,삶은계란
799,새우스크램블
800,쵸코생크림케이크
801,도미조림
802,사과타르트풍핫케이크
803,핫케이크가루
804,밀가루풀
805,시금치크림리조또
806,뱅어포구이
807,가래떡
808,치즈라이스볼
809,햄버거빵
810,칠리페이스트
811,토마토치즈구이
812,넛트핫케이크
813,두부장아찌
814,냉콩국수
815,오향장육
816,낙지호롱구이
817,제철
818,레몬주스
819,대구탕
820,삼색나물월남쌈
821,레드커리페이스트
822,모밀국수
823,홍합
824,콩나물잡채
825,김치두부쌈
826,각색두부전골
827,향신유
828,식혜
829,칼국수면
830,롤캐비지라이스
831,[브라우니
832,짜사이콩나물국
833,대나무잎
834,굵은고춧가루
835,오트밀
836,"삼색전(고등어,갈치,새우)"
837,고구마크로켓
838,생태매운탕
839,잎
840,도미살
841,삶은무해산물볶음
842,휠레미뇽스테이크
843,홍합구이
844,피조개
845,양배추베이컨말이
846,콩비지
847,두릅된장무침
848,닭산적
849,닭고기카레튀김
850,흰팥앙금
851,상추잎
852,이쑤시개
853,두부양념조림
854,우스터소스
855,채소조각
856,비스팅케이크
857,동그랑땡
858,새우라이스버거
859,돼지갈비구이
860,어묵닭고기조림
861,말린인삼
862,로얄아이싱
863,갈치구이
864,콩가루
865,탄산수
866,다진청피망
867,채소스프
868,매운꽃게튀김
869,단호박떡케이크
870,두부미역냉채
871,다시마
872,멥쌀가루
873,다나블루치즈
874,갖은나물
875,감자샐러드
876,그린비타민
877,[크림치즈]
878,달래굴파전
879,조개관자꼬치구이
880,홍파프리카
881,생선커틀릿
882,토마토해산물스파게티
883,스파게티니
884,다진양파
885,[반죽용]
886,커민씨
887,대대로닭칼국수
888,잠발라야
889,영양돌솥밥
890,참치완자전
891,송편라비올리그라탕
892,쌈다시마
893,등심구이
894,참치버거
895,링귀니
896,초코칩
897,휘핑크림
898,닭날개너트봉
899,고등어양념구이
900,버섯파스타
901,영양채소밥
902,삼색덮밥
903,국수냄비
904,돼지호박
905,청양고추
906,단호박주뻬따
907,생선
908,딸기주스
909,닭가슴살 샤프란 리조또
910,다진파/다진마늘
911,사라다나
912,미니피자
913,북어
914,문어초회
915,흑임자
916,돼지갈비
917,모과
918,빈대떡
919,김치피자
920,튀김볼모듬
921,새우베이컨말이
922,메주콩
923,과일프리터
924,럼에절인건포도
925,대구
926,통조림
927,칼국수
928,토스트피자
929,해물볶음우동
930,오므라이스
931,홍고추채
932,꽃어묵
933,버터링쿠키
934,또띠아
935,우엉
936,닭간
937,레이즌닭다리스테이크
938,기름종이
939,머스터드소스와치킨너겟
940,러시안수프
941,양유치즈가루
942,떡갈비구이
943,삼숙이
944,모듬초밥
945,얼갈이배추
946,취
947,알리오올리오 스파게티
948,코코넛
949,그린체리
950,푸실리크림스파게티
951,포도가루
952,쇠간
953,돌나물
954,중합
955,보리밥
956,만두피
957,시칠리아식카포나타
958,두부
959,오징어버터구이
960,다진피스타치오
961,비프스톡
962,어묵볶음
963,고추장
964,간장
965,건포도완자탕수
966,쇼트닝
967,쇠고기말이밥
968,쇠고기탕수
969,말린열대과일
970,핫샌드위치
971,딸기스무디
972,프렌치드레싱
973,향신양념쇠고기장조림
974,장어계란말이
975,해초
976,전어회무침
977,해물된장냄비
978,펠라레제 파스타
979,밀감통조림
980,녹말가루
981,빙수떡
982,육수용
983,동치미무
984,바베큐립
985,자장면
986,터널바게트
987,통파
988,고덕칡냉면
989,비프스톡파우더
990,소꼬리찜
991,초콜릿호일컵
992,꽁치깻잎말이구이
993,디저트피자
994,고등어추어탕
995,오미자차
996,엔다이브 위의 쇠고기볶음
997,프로슈토
998,색설탕가루
999,멸치볶음
1000,완두
1001,메뉴판생크림케이크
1002,립삶은육수
1003,레몬치킨
1004,딸기찹쌀볼맛탕
1005,원소병
1006,생선전
1007,말린표고버섯
1008,옥수수
1009,오징어숙회
1010,다진딜
1011,닭고기유부말이
1012,설렁탕
1013,귤
1014,다진쇠고기
1015,맑은대구탕
1016,두부김치
1017,잔새우
1018,어니언브레드
1019,콩가루에빠진쑥국
1020,깐쇼자라
1021,세공초밥
1022,[육수]
1023,진
1024,새싹
1025,굴
1026,냉라면
1027,스팸
1028,멕시칸샐러드
1029,근대잎
1030,대추생강차
1031,생굴
1032,참기름
1033,얼음물
1034,염장가지
1035,복찌개
1036,단호박커틀릿
1037,칡냉면
1038,브루스케타
1039,충무김밥
1040,도토리묵
1041,깨찰빵
1042,아귀
1043,유자차
1044,메기강정
1045,김구이
1046,복숭아칵테일
1047,시금치리조또
1048,참치김말이튀김
1049,파스타
1050,토마토케첩
1051,시칠리안
1052,김치 파스타
1053,[멸치장국]
1054,해물김치
1055,연근조림
1056,콘컵케이크
1057,어묵계란말이
1058,파래무침
1059,대파산적
1060,파
1061,분설탕
1062,돼지고기김치볶음
1063,향신양념갈비구이
1064,동태
1065,쌀전병냉채
1066,올스파이스
1067,홍합미역국
1068,갈치무조림
1069,오곡밥
1070,레이즌 폭찹
1071,라면전
1072,[바나나복숭아샌드위치]
1073,김치채소볶음
1074,라자냐
1075,오리고기탕
1076,슬라이스
1077,통아몬드
1078,서리태콩국수
1079,콩비지찌개
1080,아이스크림
1081,[타르트반죽]
1082,샐러드채소
1083,꼴뚜기조림
1084,우동면
1085,아몬드
1086,돼지고기표고볶음
1087,체리알
1088,참나물간장무침
1089,열무김치
1090,에스프레소  목살 스테이크
1091,갈치조림
1092,삼색주먹밥
1093,바케트빵
1094,라임쥬스
1095,드라이스트로베리
1096,로메인레터스
1097,모닝빵
1098,수제햄
1099,치킨갈란틴
1100,젤라틴
1101,새우와토마토샐러드
1102,솔잎
1103,차돌박이겉절이무침
1104,송편고추장구이
1105,버섯죽
1106,단호박
1107,새우겨자채
1108,어묵곤약조림
1109,생홍합
1110,프라이팬넛트쿠키
1111,콩나물무침
1112,광어
1113,참치찜만두
1114,적채
1115,갈비탕
1116,오이
1117,낙지불고기
1118,재첩
1119,백립
1120,찬밥팬피자
1121,버섯탕
1122,다진고수
1123,오미자
1124,[치즈크림]
1125,소시지
1126,당근쨈
1127,버섯잡채밥
1128,양송이치즈구이
1129,제육배추찜
1130,가자미구이
1131,다시마채소말이
1132,도루묵
1133,씨리얼
1134,검은올리브
1135,코코넛크림파우더
1136,페코리노치즈
1137,대구계란죽
1138,새우
1139,돼지고기우엉말이조림
1140,무청밥
1141,채소감자지짐
1142,튀김고등어와토마토탕수육소스
1143,곱창
1144,찬밥맛탕
1145,북어국
1146,고추닭볶음
1147,치즈덩어리
1148,연어양상추쌈
1149,감주스
1150,미트로프
1151,새우볶음밥
1152,갈비
1153,웰빙비빔밥
1154,배추
1155,대파미트볼꼬치
1156,다진아몬드
1157,잡채
1158,화이트커버쳐초콜릿
1159,마른새우
1160,대추수삼마늘튀김
1161,뇨끼프리마베라
1162,삶은팥
1163,화이트와인젤리
1164,미니몽블랑
1165,[1차반죽]
1166,모듬과일
1167,초콜릿시럽
1168,파프리카향의쁘띠첼샐러드
1169,파래가루
1170,깔루아
1171,배깨초무침
1172,우거지된장찌개
1173,가래떡꼬치
1174,양파전
1175,오징어섞어찌개
1176,퀘사딜라
1177,쌀국수냉채
1178,카레라면
1179,바닐라에센스
1180,[핑크색
1181,포도씨유
1182,치킨데리야끼
1183,퓨전찹스테이크
1184,마늘콩소스의해산물요리
1185,춘권피채소말이튀김
1186,주석산
1187,미역
1188,얼큰어묵탕
1189,불고기낙지전골
1190,샤프란
1191,콩국
1192,고운소금
1193,새우전
1194,배춧속잎
1195,곰탕
1196,타르타르소스
1197,럼
1198,소보로빵
1199,떡산적
1200,찹스테이크
1201,시가렛쿠키
1202,[고명용]
1203,레몬
1204,노엘케이크(집모양케이크)
1205,연어오차즈케
1206,돈까스와베이비콘
1207,초코쿠키
1208,카펠리니
1209,쇠고기스톡
1210,커리
1211,근대된장국
1212,중국식볶음밥
1213,브랜디
1214,치즈파전
1215,어리굴젓
1216,두부파프리카전
1217,마른새우볶음
1218,김치쌈밥
1219,토마토
1220,튀김덮밥
1221,초콜릿아이스크림
1222,장어소면
1223,국수계란말이
1224,적양배추잎
1225,바게트빵
1226,모듬콩수프
1227,꽈리고추밀가루찜
1228,애플민트
1229,레이즌
1230,모짜렐라치즈튀김
1231,카레튀김밥
1232,밥계란찜
1233,디아볼로피자
1234,그라나빠다노
1235,유자화채
1236,통후추
1237,시판용아이스크림
1238,동아만두
1239,다시마냉국
1240,키조개
1241,고추장스파게티
1242,건포도닭찜
1243,콩자반
1244,녹차국수
1245,파인애플슬라이스
1246,오징어덮밥
1247,쇠고기양송이볶음
1248,닭안심
1249,누룽적
1250,양송이크림스프
1251,마늘볶음국수
1252,굴청경채부침개
1253,볶음우동
1254,돈육불고기
1255,김칫잎
1256,망고무스케이크
1257,카스테라가루
1258,달래무침과냉이나물
1259,올리브
1260,바질잎
1261,계란유부찜
1262,피자치즈
1263,닭개장
1264,밤단자
1265,레이즌애플파이
1266,떡꼬치
1267,어묵김밥
1268,통계피
1269,유부
1270,캐슈너트
1271,해물채소볶음
1272,스톡
1273,미니크로아상
1274,케첩
1275,커피
1276,골뱅이볶음
1277,초콜릿무스
1278,호일초콜릿
1279,계핏가루
1280,김치콩비지전
1281,컬리플라워
1282,닭다리
1283,우유
1284,샐러드잎
1285,참소라살
1286,개조개쌈장볶음
1287,감자전
1288,만둣국
1289,과일주먹밥
1290,피자떡볶이
1291,소면
1292,비프스트로가노프
1293,생새우
1294,다진돼지고기
1295,찹쌀
1296,고사리나물
1297,풋콩
1298,베이킹파우더
1299,방울토마토
1300,비빔만두
1301,대합
1302,대구살
1303,롤케이크
1304,설탕ⓐ
1305,홍고추
1306,삼색나물
1307,오븐에 구운 브리치즈
1308,견과류 영양솥밥
1309,춘권
1310,건강식과일해산물샐러드
1311,팔보라면
1312,돈족
1313,간소새우
1314,새송이쌈장구이
1315,시럽
1316,재첩국
1317,치킨까스와 허니머스터드드레싱
1318,메추리알완자구이
1319,우메보시
1320,엿기름
1321,요거트젤리
1322,펜네파스타
1323,게맛살치즈말이튀김
1324,자색고구마
1325,고춧기름
1326,참치김초밥
1327,꽃만두국(완당국)
1328,찹쌀가루
1329,해파리해물냉채
1330,청어구이
1331,토란탕
1332,노란파프리카
1333,호박전
1334,연어오픈샌드위치
1335,생강술
1336,단호박매운해물찜
1337,미니고구마케이크
1338,콜라
1339,나물비빔밥
1340,고구마강정
1341,비엔나소시지
1342,카레떡볶이
1343,머랭쿠키
1344,실파
1345,통깨
1346,팽이버섯냉채
1347,참치김밥
1348,약고추장
1349,참깨
1350,새송이버섯
1351,라볶이
1352,굴무밥
1353,모듬튀김
1354,앤쵸비
1355,사탕
1356,오이소박이
1357,전분가루
1358,개조개
1359,삼색태극말이초밥
1360,스파게티면
1361,갑오징어새끼
1362,건포도새우XO소스볶음밥
1363,청어
1364,발사믹드레싱샐러드
1365,미림
1366,완두콩감자수프
1367,치킨스파게티
1368,레이즌컵코블러
1369,후루츠칵테일
1370,닭날개
1371,다진고기
1372,과일샐러드
1373,카프레제
1374,아귀찜
1375,시저샐러드
1376,오렌지마멀레이드
1377,쫄면
1378,레이즌초코휘낭시에
1379,생파스타
1380,볶음쌀국수
1381,꽃상추
1382,타피오카전분
1383,낙지연포탕
1384,차돌박이찹쌀구이
1385,삼색수제비
1386,럼주
1387,누룽지케이크
1388,오징어삼겹살볶음
1389,채소간장장아찌
1390,부추잡채
1391,채소초밥
1392,생선전유어
1393,콘소스탕수육
1394,잡채밥
1395,월계수잎
1396,쌀
1397,천엽
1398,꽃소금
1399,덴마크식당근스프
1400,껍질콩버터조림
1401,새우초밥
1402,닭날개주먹밥
1403,냉면육수
1404,생태국
1405,다시간장
1406,시금치나물
1407,고추냉이
1408,베이컨떡말이
1409,대파미소구이
1410,도미
1411,당근
1412,레몬밤
1413,인도식감자전병
1414,비스켓
1415,오징어피자스테이크
1416,도가니탕
1417,커스터드푸딩
1418,감자수제비
1419,바질토마토두부샐러드
1420,마늘장아찌
1421,참치샐러드
1422,우유식빵
1423,계란흰자
1424,와사비
1425,현미찹쌀
1426,파스칼샐러드
1427,연두부
1428,로즈마리
1429,파머산치즈
1430,된장깻잎장아찌
1431,죽순볶음
1432,연근카레전
1433,고구마케이크
1434,굴밥
1435,모짜렐라치즈
1436,숙주
1437,굴비조림
1438,조기양념장구이
1439,등심스테이크
1440,꿀
1441,백김치잎
1442,연어
1443,녹두전
1444,울만두
1445,훈제치즈
1446,퓨전호박죽
1447,콘치즈구이
1448,비트순
1449,고등어사각스시
1450,장식용어묵
1451,생우동
1452,미츠바
1453,옥수수콘
1454,계란덮밥
1455,브로콜리
1456,꼬막
1457,계란실파국
1458,달래지짐
1459,고추장아찌
1460,배추밤김치
1461,두릅
1462,말린새우
1463,끓는물
1464,기름
1465,송어샐러드
1466,돼지고기김치찌개
1467,알감자조림
1468,양
1469,가지된장찜
1470,조갯살
1471,두부버섯볶음
1472,청경채닭살무침
1473,송이산적
1474,치즈사탕
1475,말린
1476,쁘띠파운드케이크
1477,흰떡
1478,쿠키카드
1479,완두앙금
1480,멥쌀
1481,초코비스코티
1482,두부적
1483,돈가스덮밥
1484,계란오븐구이
1485,브리치즈
1486,케이크아이스크림
1487,피클
1488,게살
1489,청정원장국
1490,보리새우
1491,풋마늘
1492,닭고기명란튀김
1493,각색경단
1494,고추
1495,꽃게찜
1496,절편
1497,유부계란찜
1498,건포도간장소스백립
1499,파인애플주스
1500,감자타르트
1501,아이스커피
1502,고기
1503,[크림]
1504,버섯두부찌개
1505,설탕에절인과일
1506,꽁치
1507,양파와토마토의또띠아치킨롤
1508,완두배기
1509,쇠족
1510,무국
1511,포도알
1512,머핀컵
1513,계란토스트
1514,통조림미니파인애플
1515,오징어젓갈
1516,참치양송이구이
1517,샐러드유
1518,완두콩
1519,곱창전골
1520,호박빵
1521,와사비연어샐러드
1522,송어채소말이
1523,단무지
1524,[소]
1525,장어깐풍기
1526,스펀지케이크
1527,식초
1528,레드체리
1529,돌솥비빔밥
1530,깨
1531,꽈리고추찜
1532,건포도찹쌀단자
1533,부추전
1534,슈가파우더
1535,땅콩버터
1536,시칠리안 링귀니
1537,편육파채무침
1538,사이다
1539,풋마늘주꾸미볶음
1540,씀바귀
1541,마늘팡세
1542,버섯만두전골
1543,꽃만두피컵참치샐러드
1544,래디쉬
1545,페델리니
1546,갈치카레튀김
1547,허브비빔밥
1548,단호박구이
1549,닭꼬치구이
1550,말린대추
1551,피쉬소스
1552,사과케이크
1553,돼지고기채소전
1554,스카치에그
1555,골뱅이통조림
1556,냉면국수
1557,잔멸치쌈장볶음
1558,다진땅콩
1559,김칫국물
1560,병어양념구이
1561,버섯매운탕
1562,초연근
1563,콩
1564,새우도리아
1565,양배추와버섯두부쌈장
1566,들깻잎
1567,배추속댓국
1568,바나나주스
1569,체리
1570,샤프론
1571,토마토피자
1572,월도프치킨샐러드
1573,밀가루(박력분)
1574,채소무침
1575,가지와마른새우무침
1576,꼬리곰탕
1577,라면김말이튀김
1578,찐빵
1579,포테이토칩
1580,삶은밤
1581,쇠고기채소편채
1582,감자오븐구이
1583,마른커런트젤리
1584,소금
1585,아이스후르츠소다
1586,새끼갑오징어
1587,콘크림수프
1588,고등어두부말이조림
1589,천사채
1590,피자
1591,잔멸치된장볶음
1592,감자마늘볼
1593,떡볶이
1594,키위드레싱과콘샐러드
1595,탈지분유
1596,오븐라자냐
1597,도루묵구이
1598,쇠고기고추장치즈구이
1599,스피드오므라이스
1600,떡볶이떡
1601,Rock’N Roll
1602,구운김
1603,해물찌개
1604,다진시금치
1605,시금치베이컨주먹밥
1606,그라나
1607,마른오징어
1608,녹차머핀
1609,다진생강
1610,스파게티카레미트소스
1611,우묵
1612,과일화채
1613,말린과일
1614,레몬껍질
1615,우엉조림
1616,푸른콩가루
1617,참치주먹밥
1618,가지
1619,요구르트두부주스
1620,전어
1621,리본모양파스타
1622,피스타치오
1623,봉골레스파게티
1624,건포도돈족냉채
1625,라자니아
1626,두부케첩볶음
1627,레드와인
1628,치즈감자칩
1629,홍피망
1630,인도식과일카레라이스
1631,닭강정
1632,파스타샐러드
1633,막걸리
1634,양상추튀김
1635,호박씨
1636,제육두반장볶음
1637,레몬필
1638,요구르트푸딩
1639,레이즌컵케이크
1640,해물누룽지탕
1641,치즈연어구이
1642,컬리플라워해물샐러드
1643,아욱국
1644,톰얌꿍
1645,구겔호프
1646,초고버섯
1647,갓
1648,해물필라프
1649,모듬샐러드
1650,체다치즈
1651,여러가지채소
1652,녹두죽
1653,연어된장찜
1654,미소된장
1655,연어알초밥
1656,허브갈릭치즈
1657,골뱅이덮밥
1658,자라
1659,녹차콩국수
1660,관자
1661,유부치즈밥
1662,흑미 샐러드
1663,바지락와인찜
1664,체다슬라이스치즈
1665,후레쉬모짜렐라치즈
1666,버섯덮밥
1667,자반고등어구이
1668,어린잎채소
1669,키세스초콜릿
1670,미국산
1671,소시지채소케첩볶음
1672,뮈슬리
1673,분홍색어묵
1674,메추리알
1675,파기름
1676,조청
1677,근대
1678,대파생채
1679,부추김치
1680,바나나초코카스텔라롤
1681,돼지고기고추장구이
1682,맛술
1683,달래장김치
1684,초밥
1685,해산물모듬샐러드
1686,감자프라이팬구이
1687,꽈리고추마른새우볶음
1688,발사믹드레싱양파샐러드
1689,대파 파프리카굴소스볶음
1690,쇠고기가지찜
1691,케이퍼
1692,양지머리
1693,아보카도
1694,모짜렐라깔조네
1695,우유두부
1696,사우어크라우트
1697,빠네또네
1698,무구절판
1699,대구지리탕
1700,안심
1701,초교탕
1702,인삼마른정과
1703,냉장
1704,미니파프리카
1705,로스편채
1706,동태찌개
1707,다진초콜릿
1708,중국식검정콩
1709,맥주
1710,슬라이스아몬드
1711,고등어무조림
1712,된장채소수제비
1713,과일
1714,정통 나폴리 까르보나라
1715,체리브랜디
1716,감자로싼도미스테이크
1717,프라이드그린토마토
1718,튀긴어묵
1719,고등어된장구이
1720,오렌지시럽
1721,감자베이컨볶음
1722,엔쵸비
1723,포크스테이크
1724,치킨버섯찜
1725,두부조개탕
1726,홍합초
1727,닭봉
1728,햄&베이컨채소쌈
1729,마들렌
1730,시금치크림소스푸질리
1731,뽀모도로 토마토파스타
1732,드래곤 마끼
1733,치즈만두튀김
1734,우유나
1735,돌나물달래샐러드
1736,코코아가루
1737,옥수수가루
1738,분유
1739,피망
1740,깐풍새우
1741,라비올리
1742,버터오징어채볶음
1743,가리비꼬치구이
1744,참치채소전
1745,떡샌드위치
1746,칠리소스참치볼
1747,수삼
1748,노랑파프리카
1749,커피머핀
1750,치킨밀쌈
1751,닭가슴살구이와채소샐러드
1752,분당
1753,쇠고기
1754,파슬리가루
1755,한천
1756,새우젓
1757,다진
1758,족편
1759,흰밥
1760,섞박지
1761,아이싱쿠키
1762,붉은갓동치미
1763,김치어묵
1764,아몬드분말
1765,크루아상
1766,카레가루
1767,쇠고기케첩볶음
1768,계란
1769,화이트와인
1770,시소
1771,양장피냉채
1772,자두주스
1773,피망소스라자냐
1774,닭안심죽
1775,무순
1776,바게트
1777,클럽샌드위치
1778,새우죽
1779,적상추
1780,스폰지케이크
1781,시금치즙
1782,고등어스테이크
1783,엔다이브
1784,김치핫도그
1785,레이즌크레페케이크
1786,쌀가루
1787,부추올리브오일무침
1788,미니식빵튀김
1789,멸치액젓
1790,모양초밥
1791,청정원국선생
1792,어묵냄비
1793,크리스마스케이크
1794,피시소스
1795,봄채소파스타
1796,대추
1797,떡선
1798,김치
1799,말린고사리
1800,시금치라비올리
1801,새우구이
1802,버섯
1803,레이즌카나페
1804,오렌지주스
1805,완자꼬치
1806,오이지장아찌무침
1807,아몬드녹차설기
1808,한국식타코샐러드
1809,닭봉오븐구이
1810,치즈토마토
1811,호박죽
1812,삶은노른자
1813,젤리
1814,건포도초콜릿볼
1815,쇠뼈
1816,닭고기콘그라탕
1817,계절
1818,개성주악
1819,박력분
1820,메밀국수
1821,왕새우칠리소스
1822,덧가루
1823,토마토미트소스파스타
1824,적양파
1825,낙지볶음
1826,커피추출액
1827,비스킷]
1828,쇠고기김치말이밥
1829,비빔쌀국수
1830,카레라이스
1831,무가당카카오가루
1832,참치통조림
1833,떡갈비샌드위치
1834,홍합꼬치구이
1835,쇠머리찰편
1836,밤맛탕
1837,컵샐러드
1838,데킬라
1839,감자국수
1840,해물잡채
1841,아구탕
1842,싱가폴슬링
1843,제탕(육탕)
1844,짜사이
1845,반건조해삼
1846,생강차
1847,과일천사채국수
1848,달래새우찌개
1849,초코크리스피
1850,느타리버섯
1851,부추부침개
1852,석이버섯
1853,돈까스
1854,복어
1855,치즈아보카도
1856,미니초콜릿케이크
1857,토마토스파게티
1858,고구마전피자
1859,푸실리
1860,앤다이브
1861,치즈카나페
1862,해파리새우말이냉채
1863,맥주효모
1864,초고추장쑥무침
1865,사골탕
1866,재료]
1867,머위
1868,녹두고물호박떡케이크
1869,유자청건지
1870,사천식볶음라면
1871,마른고추
1872,개량제
1873,미모사케이크
1874,정종
1875,치킨육수
1876,향신즙
1877,우무콩냉국
1878,베사멜라소스
1879,수정과
1880,어린채소
1881,계피
1882,물녹말
1883,또는
1884,레이즌초코쿠키
1885,초콜릿
1886,떡치즈구이
1887,후레쉬
1888,베비이콘
1889,배주스
1890,갈치노끈소금구이
1891,시금치
1892,녹차쉬폰케이크
1893,김치홍합국
1894,맛살조개
1895,갈치카레구이
1896,양송이버섯죽
1897,콩국계란찜
1898,트러플쉘
1899,부대찌개
1900,오리
1901,속채운감자
1902,치즈밥피자
1903,부추표고버섯볶음
1904,필라델피아롤
1905,중국부추
1906,고추장볶음칼국수
1907,마늘꿀마리네이드
1908,라면
1909,볶음유니자장
1910,북어채
1911,동치미막국수
1912,파인애플갑오징어튀김
1913,매실청
1914,팔각
1915,인절미가루
1916,짜샤이
1917,흑임자죽
1918,요구르트젤리
1919,보드카
1920,채소알밥
1921,콩가루찬밥지짐이
1922,오징어도라지생채
1923,디종머스터드
1924,황도
1925,브로컬리
1926,토란곰탕
1927,수박화채
1928,된장찌개
1929,초콜릿퐁듀
1930,라유
1931,해삼밥
1932,아스파라거스
1933,에스프레소
1934,과일타르트
1935,동태살
1936,생수
1937,쑥갠떡
1938,상추
1939,치즈
1940,생선감자채구이
1941,순대볶음
1942,사워크림
1943,뜨거운
1944,삶은메주콩
1945,풋고추잎
1946,노란콩가루
1947,단팥죽
1948,트레비소
1949,샐러드오일
1950,은행
1951,[타르트지]
1952,두부새우젓국
1953,사과치즈샐러드
1954,키세스초코땅콩쿠키
1955,두부전
1956,김치주먹밥
1957,풋고추
1958,해파리
1959,엔초비
1960,수박젤리
1961,양송이
1962,관자와버섯을곁들인리조또
1963,된장소스와 채소샐러드
1964,베이비슈크림
1965,소
1966,모듬채소볶음
1967,김치찌개
1968,파마산치즈
1969,김치치킨도리아
1970,트리몰린
1971,감자칩
1972,동부
1973,오징어채소부침
1974,옥수수전분
1975,얼음
1976,치즈피망전
1977,칵테일
1978,브로콜리치즈구이
1979,포도주
1980,레이즌쇼콜라케이크
1981,멸치꽈리고추볶음
1982,고추장불고기
1983,뚝배기짬뽕라면
1984,게살소스
1985,콩나물밥
1986,포도잼
1987,유자드레싱
1988,크레이프쌈
1989,카푸치노
1990,마늘식빵
1991,버섯리조또
1992,초코스콘
1993,청경채닭고기볶음
1994,단호박베이컨구이
1995,갈치살
1996,죽순죽
1997,다진건포도
1998,김치계란피자
1999,가지치즈튀김
2000,지중해식볶음밥
2001,덴마크식오믈렛
2002,스파게티소스
2003,넛트초콜릿
2004,전기밥솥케이크
2005,배주머니
2006,까치오까발로
2007,배
2008,잡탕밥
2009,떡국떡
2010,데미글라스소스
2011,시드니신풀선데
2012,펜네
2013,피자소스
2014,고구마
2015,무초김치
2016,연어샐러드
2017,마가린
2018,너비아니구이
2019,갖가지채소
2020,메뉴판피자
2021,초간장
2022,야채
2023,홀토마토
2024,두릅숙회
2025,멜론
2026,김치동그랑땡
2027,호두
2028,몬테리치킨
2029,닭매운찜
2030,국멸치
2031,오징어몸통
2032,감자국
2033,[3차반죽]
2034,오징어순대
2035,수박카나페
2036,비프채소롤
2037,커스터드크림
2038,상추미소국
2039,복숭아
2040,김치드레싱오징어말이
2041,김치적
2042,각색콩
2043,춘권피
2044,크래미
2045,고구마맛탕
2046,밀크초콜릿
2047,호박가지된장구이
2048,매운토마토소스펜네
2049,미더덕찜
2050,잎상추
2051,파채
2052,감자햄버거
2053,햄
2054,연근
2055,떡케이크
2056,이스트푸드
2057,채소영양밥
2058,까페라떼
2059,고구마찹쌀도넛
2060,김치볶음밥
2061,가지토마토그라탕
2062,팥앙금빵
2063,치즈찹쌀고기말이
2064,돼지갈비레몬찜
2065,울면
2066,양배추말이케첩조림
2067,오징어포
2068,쑥
2069,동지팥죽
2070,붕어조림
2071,멸치다시물
2072,중력분
2073,쌈야채
2074,삼겹살치즈구이
2075,쭈꾸미버터구이
2076,무우갑장과
2077,그린올리브
2078,돼기고기
2079,열무비빔밥
2080,해초무침
2081,로스트치킨
2082,오믈렛
2083,감자곤약조림
2084,쌀샐러드
2085,대추차
2086,레몬조각
2087,봄동겉절이
2088,녹두
2089,흑임자가루
2090,케이크시트
2091,건포도스콘
2092,쵸코칩
2093,2차반죽
2094,레이즌엔다이브
2095,밀크
2096,해물잣소스무침
2097,무죽
2098,신김치
2099,향신양념해물파전
2100,중새우살
2101,소스를곁들인라면구이
2102,톳미역콩국
2103,크림치즈
2104,[속재료]
2105,쵸코렛
2106,크리스마스빵
2107,중국식고추잡채
2108,장어덮밥
2109,구안찰레
2110,해파리냉채
2111,파인애플통조림
2112,김치잎
2113,숙주미나리무침
2114,당근즙
2115,코코넛밀크
2116,[커스터드크림]
2117,등심
2118,카놀라유
2119,송편
2120,만두
2121,옥수수죽
2122,나파주
2123,꽈배기페스트리
2124,목이버섯
2125,채소치즈죽
2126,어묵꼬치
2127,모듬나물계란찜
2128,봄동
2129,명란젓찌개
2130,바비큐폭찹
2131,과자
2132,깐풍기
2133,제육쌈장볶음
2134,호박고지
2135,바질페스토
2136,육수
2137,칵테일새우
2138,감자치즈구이
2139,넛맥
2140,아스파라거스새우볶음
2141,오미자물
2142,치즈플레이트
2143,Che Thack Luu(채택루)
2144,갑오징어
2145,미역완자국
2146,청정원
2147,잣
2148,레이즌컨츄리샐러드
2149,고수
2150,페스토소스스파게티
2151,삼계탕
2152,명란
2153,크림치즈팬케이크
2154,우럭매운탕
2155,화양적
2156,레이즌마블케이크
2157,빠다노
2158,절인
2159,오징어초말이
2160,고추부각
2161,나박김치
2162,굴소스/설탕
2163,다진올리브
2164,발사믹소스
2165,잼
2166,치즈볶음라면
2167,국수
2168,[배합초]
2169,달래간장과 모둠버섯밥
2170,마
2171,레이즌크림치즈푸루따
2172,발효초요구르트
2173,동남아식튀김국수샐러드
2174,조개
2175,꿔바로우
2176,자라호박볶음
2177,오븐스파게티
2178,꽃게장무침
2179,미나리강회
2180,발렌타인초콜릿
2181,오징어
2182,닭갈비
2183,마늘버터빵
2184,[재움액]
2185,쭈구미
2186,루콜라
2187,증편
2188,무쌈말이
2189,흰콩
2190,오븐고구마구이
2191,생선다대기회
2192,난자완스
2193,모스코바뮬
2194,콩나물국밥
2195,미지근한물
2196,딸기 샌드쿠키
2197,삼선짬뽕
2198,라타투유를곁들인대구요리
2199,피넛버터
2200,후리가께
2201,골뱅이무침
2202,오렌지젤리
2203,베이킹소다
2204,양파김치
2205,훈제햄
2206,치즈케이크
2207,케러멜
2208,기스면
2209,크림치즈타르트
2210,순두부찌개
2211,콩국냉파스타
2212,무생채
2213,덴까스우동
2214,다시물
2215,물
2216,팥칼국수
2217,동치미
2218,요구르트
2219,깨소금
2220,굵은소금
2221,달래된장찌개
2222,오곡곡물
2223,크림치즈요구르트
2224,망고
2225,죽순표고버섯볶음나물
2226,생강
2227,참치파이
2228,생선살
2229,키조개나물밥
2230,대구지리
2231,옥수수아이스크림
2232,찹밥키쉬
2233,생밤
2234,재첩무침
2235,우럭
2236,메추리알카나페
2237,피자돈까스
2238,자두
2239,쭈꾸미
2240,비빔냉면
2241,바닐라액
2242,색색주먹밥
2243,모짜렐라치즈스틱
2244,브로콜리크림수프
2245,스위트콘
2246,[2차반죽]
2247,모짜렐라
2248,다진파슬리
2249,마늘빠스
2250,홍어찜
2251,체리가루
2252,스펀지케이크시트
2253,대파
2254,햄감자그라탕
2255,삼치마요네즈구이
2256,감자수프
2257,은대구두치소스
2258,튀김용식용유
2259,살구잼
2260,채소피클
2261,수박즙
2262,돼지고기바베큐
2263,딸기생크림케이크
2264,참치죽
2265,스끼야끼
2266,계란지단
2267,두부다시마말이
2268,오이갑장과
2269,볼살
2270,탄두리치킨
2271,생라임즙
2272,우동
2273,닭가슴살과토마토양파소스
2274,맑은떡국
2275,바나나
2276,프랑크소시지
2277,겨자잎
2278,메주
2279,골드 코스트 코코넛 쉬림프
2280,넛트맥
2281,베이비콘
2282,삼치양념구이
2283,[반죽재료]
2284,자몽
2285,[검은양갱]
2286,중하
2287,참치캔
2288,찰밥
2289,바니라향
2290,과일소스의치킨데리야키
2291,[필링]
2292,깻잎마끼
2293,김가루
2294,[토핑용
2295,밤식빵
2296,삭힌고추
2297,고추장떡
2298,가지쇠고기볶음
2299,것
2300,토란닭고기찜
2301,보리쌀
2302,그라나가루
2303,한방닭찜
2304,채소새우찜밥
2305,도가니
2306,티라미수
2307,플레인요구르트
2308,베이비콘채소볶음
2309,해바라기씨
2310,셀피유
2311,체드로
2312,표고보트
2313,장조림
2314,베이글치킨샌드위치
2315,생선뮈니에르
2316,트레비스
2317,자주양파
2318,사천식자장면
2319,빨간무즙
2320,호박선
2321,치라시스시
2322,스위트콘참치전
2323,중하새우
2324,자장떡볶이
2325,모듬채소
2326,생토마토주스
2327,씀바귀나물
2328,찬밥을 이용한시금치리조또
2329,해물떡꼬치
2330,삼색전
2331,양배추잎
2332,파래
2333,유부초밥
2334,통마늘
2335,물밤
2336,아구
2337,노란치즈
2338,라즈베리
2339,딸기무스
2340,청국장
2341,깨빵
2342,북어양념찜
2343,허브를입혀튀긴고등어샐러리
2344,크래커
2345,쇠고기커틀릿
2346,양파링카레튀김
2347,청정원참빛고운카놀라유
2348,골뱅이옥수수무침
2349,양송이버섯
2350,굴북어찌개
2351,딸기잼
2352,스파게티
2353,손만두
2354,오곡밥쌈밥정식
2355,푸드컬러
2356,오렌지아몬드트일
2357,그라나치즈
2358,가지냉국
2359,청주
2360,스크램블드에그
2361,말린자두
2362,마요네즈드레싱
2363,아아스크림
2364,어묵샐러드
2365,송이버섯
2366,가쓰오부시
2367,과편
2368,쇠고기떡말이
2369,캐슈넛
2370,마스카포네
2371,절임무
2372,생선육수
2373,갈치맑은찌개
2374,임연수
2375,우렁
2376,바나나컵케이크
2377,해물스파게티
2378,사색나물
2379,쑥갓
2380,떡
2381,식용장미꽃
2382,닭고기
2383,전복죽
2384,고등어튀김케첩조림
2385,쌀밥
2386,크림치즈&키위
2387,미니김밥
2388,떡국
2389,쌈장오므라이스
2390,해물국시
2391,생굴채소무침
2392,고등어샐러드
2393,색전병
2394,컴비네이션피자
2395,베이비콘채소스프
2396,덴마크식치즈케이크
2397,크로아상샌드위치
2398,레이즌버섯소테스테이크
2399,청고추
2400,생면
2401,두부밥부침
2402,백설기오미자무스케이크
2403,무래디쉬
2404,치킨텐더
2405,콩나물미나리무침
2406,채소모닝빵
2407,사골
2408,산초포카시아
2409,연어알
2410,브로콜리수프
2411,쇠고기청고추찜
2412,김치제육보쌈
2413,시금치된장죽
2414,땅콩
2415,계란물
2416,참치샐러리스틱
2417,얼갈이열무물김치
2418,옥수수통조림
2419,치킨케밥과 카레볶음밥
2420,곰돌이몰드초콜릿
2421,키리슈
2422,라조육
2423,바지락칼국수
2424,필
2425,건새우
2426,김치쿠키
2427,가지치즈그라탕
2428,삼색매작과
2429,청어알
2430,쇠고기장조림
2431,검은껍질홍합
2432,칠리새우
2433,건포도갈비구이
2434,홍초젤리
2435,브라우니치즈케이크
2436,보리빵
2437,시금치무침
2438,찬밥전
2439,크림소스파스타
2440,스페니쉬오믈렛
2441,대합구이
2442,머위 조기찜
2443,과일찰떡카나페
2444,가지볶음
2445,햄김치롤
2446,대구뼈
2447,복주머니초밥
2448,쳐빌
2449,조기한식조림
2450,바지락콩나물찜
2451,레드와인비네거
2452,국수전골
2453,생선살튀김과타르타르소스
2454,바닐라향
2455,잉글리쉬머핀
2456,오징어먹물 파스타
2457,병어
2458,카스테라
2459,녹차
2460,슬라이스햄
2461,녹차티라미수
2462,와사비크림치즈와채소스틱
2463,포테이토스킨
2464,감자조림
2465,굴소스
2466,채소류
2467,모카빵
2468,감자탕
2469,크림소스를곁들인생선전
2470,김치메밀묵장국
2471,북어국밥
2472,꽈리고추
2473,코다리찜
2474,고추장얼큰라면
2475,삼숙이탕
2476,자라죽
2477,슬라이스피클
2478,도라지오이생채
2479,모듬해산물채소찜
2480,해물팟타이
2481,비파두부
2482,향신양념장어튀김조림
2483,치즈국
2484,베이글
2485,건포도오색경단
2486,새우마요네즈소스
2487,참치살
2488,피스타치오샐러드
2489,피넛
2490,[완두양갱]
2491,쌀국수
2492,고구마줄기볶음
2493,춘권피건강샐러드
2494,섭산적
2495,육회
2496,버섯두부선
2497,마랄우육
2498,홍차계란장조림
2499,새우와 아보카도샐러드
2500,판초콜릿
2501,통조림파인애플
2502,와인소스의감자로싼도미요리
2503,골뚜기
2504,새우튀김우동
2505,어묵전골
2506,떡치즈크로켓
2507,식물성기름
2508,모듬전
2509,유부미역된장국
2510,쇠고기덮밥
2511,두부새우젓국찌개
2512,사과즙
2513,피넛버터소스
2514,치킨롤
2515,피칸파이
2516,콩나물냉국
2517,냉면사리
2518,양배추&호박찜
2519,사천식쇠고기스테이크
2520,칠리
2521,레이즌가나슈초코타르트
2522,진저비어
2523,김치잡채춘권
2524,코코아
2525,떡케첩조림
2526,녹말
2527,오징어볶음과소면
2528,콩국과일펀치
2529,크루통
2530,쑥버섯볶음
2531,아몬드링케이크
2532,락교
2533,북어강정
2534,산적
2535,쌀뜨물
2536,타르트피
2537,흰깨
2538,카페라떼
2539,잔멸치파래튀김
2540,찐단호박
2541,밥샌드위치
2542,이스트
2543,냉소면
2544,쇠고기무국
2545,피망잡채
2546,[필링반죽]버터
2547,고등어
2548,참나물고추장무침
2549,실고추
2550,쇠고기치즈튀김
2551,파마산치즈치즈
2552,당면
2553,깍두기
2554,가자미
2555,차가운토마토수프
2556,[타르트반죽]박력분
2557,콘샐러드
2558,치즈크로켓
2559,민트잎
2560,미소된장국
2561,피로키
2562,올리고당
2563,트리플색
2564,리조또
2565,피칸
2566,오징어찌개
2567,배추겉절이
2568,초코프루츠
2569,수삼잔뿌리
2570,탕평채
2571,오곡밥에그
2572,표고버섯감자볶음
2573,우거지
2574,애호박된장찌개
2575,생선초밥
2576,미니또띠아치킨롤
2577,낙지전골
2578,고구마빠스
2579,레드드라이비프커리
2580,덴까스
2581,가리비
2582,갈치
2583,갈비찜
2584,굴비
2585,통북어
2586,해물매운탕
2587,드라이카레볶음밥
2588,퓨전만두
2589,삼겹살꼬치소스구이
2590,콜리플라워
2591,흰살생선
2592,햄버거스테이크
2593,쇼콜라프로마쥬
2594,식용유
2595,오징어탕수
2596,간장떡볶이
2597,대하
2598,시칠리아문어샐러드
2599,오렌지껍질
2600,카페에스프레소
2601,마늘크림소스를곁들인대구말이
2602,이탈리안오믈렛
2603,파티샌드위치
2604,완두콩통조림
2605,배춧잎
2606,제육불고기
2607,아몬드슬라이스
2608,쇠고기등심
2609,고기산적
2610,닭
2611,이태리고추
2612,장미꽃아이스크림
2613,검은깨
2614,페퍼콘
2615,시금치샐러드
2616,초생강
2617,케일
2618,참치회무침비빔국수
2619,메밀묵
2620,닭고기수삼샐러드
2621,다나블루소스의 그린파스타
2622,버섯롤커틀릿
2623,토마토페이스트
2624,건포도강정
2625,유자
2626,펜네 아라비아따
2627,모듬쌈밥
2628,전복
2629,장어
2630,쇠머리찰떡
2631,제육파말이
2632,뱅어포
2633,쉬퐁케이크
2634,오곡주먹밥
2635,새우두부찜
2636,홍합살
2637,초새우
2638,고추장닭강정
2639,캐비어
2640,고추장오징어순대구이
2641,해물리조또
2642,양갱
2643,오징어먹물스파게티
2644,건꼴뚜기
2645,깻잎
2646,크레송샐러드
2647,[주뻬따]
2648,까르보나라 (한국식)
2649,꼬막오븐구이
2650,다진잣
2651,발효초
2652,코코넛가루
2653,초코머핀
2654,돼지
2655,주먹밥
2656,두부구이와 버섯볶음
2657,농축액
2658,인절미
2659,찬밥
2660,콩나물해물겨자무침
2661,사색경단
2662,진피
2663,요세나베(모듬생선)
2664,새우아몬드구이
2665,잔멸치
2666,버팔로윙
2667,잣죽
2668,오렌지
2669,곤약
2670,프랜치토스트샌드위치
2671,콩샐러드
2672,파래김
2673,새송이장조림
2674,[쇠고기육수]
2675,콘마요네즈버터구이
2676,비스코티
2677,알감자
2678,녹차가루
2679,쪽파
2680,고구마그라탱
2681,연어초밥
2682,비트
2683,새우살
2684,젤리샐러드
2685,해장라면
2686,사과
2687,어묵국
2688,바지락
2689,온면
2690,건포도페이스트
2691,빤체타
2692,들기름
2693,쿠킹호일
2694,계란말이주먹밥
2695,타래과
2696,복숭아통조림
2697,영양
2698,매실
2699,[곁들임]
2700,페페론치노
2701,오징어와마늘소스
2702,자반고등어
2703,미더덕
2704,식용유/소금/참기름/잣가루
2705,조개살
2706,우엉시금치죽
2707,호박
2708,양념치킨
2709,왕새우당면프라이드
2710,로메인 시저샐러드
2711,자마이카럼
2712,오징어무침냉면
2713,크레송
2714,포기김치
2715,청국장찌개
2716,바닐라오일
2717,산적치즈구이
2718,[충전용크림]
2719,화전갈비찜
2720,무명실
2721,우묵냉채
2722,제철과일
2723,스크램블드딸기샌드위치
2724,치킨퀘사디아
2725,부추재첩국
2726,김치우동
2727,생태
2728,홍합 봉골레 페투치니 알리올리
2729,레이즌 연어 스테이크
2730,토마토소스
2731,핫도그빵
2732,콩나물무밥
2733,치즈고기말이
2734,서리태콩
2735,쁘띠첼
2736,레이즌파르미자나
2737,계피향의 바나나구이
2738,리코타칼조네
2739,파인애플
2740,마늘종
2741,파인애플머핀
2742,고구마줄기
2743,바닐라빈
2744,다진홍피망
2745,냉동만두
2746,미나리꼬막간장무침
2747,오꼬노미야끼
2748,미니햄버거
2749,상추겉절이비빔밥
2750,더덕
2751,말린견과루
2752,카스텔라가루
2753,황률
2754,코다리
2755,카레
2756,튀김가루
2757,숙주나물
2758,오코노미야키
2759,애플스튜
2760,애플파이
2761,청동호박
2762,후르츠칵테일
2763,적파프리카
2764,초코버터쿠키
2765,[돼지고기양념]
2766,그린피망
2767,계란찜
2768,톳
2769,가리비깐소
2770,닭육수
2771,냉고기쌈
2772,파김치
2773,고등어카레튀김
2774,새우마요네즈볶음
2775,양배추말이찜
2776,두부선
2777,마르게리따 피자
2778,초코칩쿠키
2779,[모카크림]
2780,[크림치즈
2781,해물별미밥
2782,모카케이크
2783,자장
2784,수수
2785,마늘쫑굴소스볶음
2786,홍차티백
2787,오징어불고기
2788,베이컨햄말이
2789,라임
2790,샐러드용채소
2791,키위주스
2792,홍합탕
2793,냉수
2794,초콜릿케이크
2795,퓨전오절판과콩비지땅콩버터소스
2796,김
2797,가람마살라
2798,초코시럽
2799,해물 취나물된장국
2800,쑥브리오슈
2801,양상치
2802,고운고춧가루
2803,부추
2804,계란말이
2805,꽃부꾸미
2806,순대
2807,에멘탈치즈
2808,오일
2809,연어까르파치오
2810,조미술
2811,적치커리
2812,색편육
2813,표고버섯
2814,오징어채볶음
2815,레인보우
2816,키위
2817,[크레페]
2818,오징어통구이
2819,[머핀]
2820,노랑
2821,바지락수제비
2822,레인보우사탕
2823,미역국
2824,두릅김치
2825,마요네즈
2826,초코밤범벅
2827,왕새우구이와구운채소
2828,레이즌랩샌드위치
2829,에그미트로프
2830,타마린드
2831,감자양파그라탕
2832,꽁치구이
2833,가자미롤찜
2834,레이즌크리스탈쿠키
2835,무설탕크래커
2836,네모난햄
2837,[가나슈]
2838,견과류조림
2839,요플레
2840,[고물]
2841,누룽지
2842,게맛살
2843,밤초와대추초
2844,[불고기양념]
2845,종이컵
2846,이유식치즈죽
2847,콩나물버섯덮밥
2848,돼지갈비찜
2849,작은고추
2850,알찜
2851,그레나딘
2852,계피설탕빵
2853,청포묵
2854,가루
2855,다진파
2856,제육보쌈
2857,백포도주
2858,데리야끼소스에 절인 관자
2859,타이식 오이땅콩 샐러드
2860,초콜렛
2861,푸타네스카스파게티
2862,국물용멸치
2863,매실장아찌
2864,시판용
2865,판젤라틴
2866,표고전
2867,밤통조림
2868,두부밥피자
2869,청크초콜릿
2870,송어
2871,패주베이컨말이구이
2872,대나무쌈밥
2873,두반장해물볶음
2874,명태
2875,일본식닭조림
2876,레드피망
2877,참치
2878,쌈장떡볶이
2879,황설탕
2880,치즈알쌈
2881,토란
2882,닭살크림수프
2883,하이포크팜햄
2884,토란탕수제비
2885,사골우거지탕
2886,딸기
2887,옥수수수프
2888,다크초콜릿
2889,감자수플레
2890,양상추돼지고기쌈
2891,개장국
2892,조개토마토스파게티
2893,어선
2894,단호박크림찜
2895,구절판
2896,마른전분
2897,돼지고기김치롤튀김
2898,레이즌푸실리컵샐러드
2899,고추가루
2900,수삼끓인물
2901,스위ㅡ콘
2902,밤베이컨말이
2903,티포크쌈
2904,흑미영양솥밥
