,음식,재료
0,감자수프,"['감자', '양파', '대파', '버터', '육수', '계란노른자', '생크림']"
1,고구마스프,"['고구마', '우유']"
2,단호박크림수프,"['단호박', '양파', '버터', '밀가루', '물', '우유', '생크림']"
3,닭살크림수프,"['닭', '당근', '양파', '밀가루', '버터', '우유', '닭육수']"
4,덴마크식당근스프,"['버터', '양파', '당근', '크림치즈', '우유', '다진파슬리']"
5,러시안수프,"['쇠고기', '양파', '당근', '감자', '샐러리', '버터']"
6,모듬콩수프,"['콩', '깨', '잣', '호두', '식빵']"
7,버섯스프,"['버섯', '버터']"
8,버섯크림수프,"['버터', '양파', '감자', '양송이']"
9,베이비콘채소스프,"['베비이콘', '당근', '완두콩', '양파', '토마토']"
10,브로콜리수프,"['브로콜리', '양파', '대파', '밥', '생크림', '시금치', '닭육수', '버터']"
11,브로콜리크림수프,"['브로콜리', '버터', '밀가루', '우유', '생크림']"
12,스피드오므라이스,"['계란', '밥', '양파', '햄', '청피망', '당근']"
13,양송이크림수프,"['양송이버섯', '육수', '생크림', '버터', '밀가루', '우유', '물']"
14,양송이크림스프,"['버터', '양파', '감자', '양송이버섯', '생크림']"
15,어니언그라탱수프,"['양파', '바게트빵', '마늘', '올리브오일', '치킨육수', '물']"
16,오므라이스,"['계란', '양파', '당근', '밥', '청피망', '홍피망', '오이', '전분']"
17,옥수수수프,"['옥수수', '양파', '우유']"
18,완두콩감자수프,"['완두콩', '감자', '양파', '우유']"
19,완두콩수프,"['완두콩', '물', '감자', '버터', '밀가루', '생크림']"
20,인도식과일카레라이스,"['밥', '쇠고기', '양파', '당근', '감자', '사과', '오렌지', '옥수수', '버터', '카레', '물', '건포도']"
21,차가운토마토수프,"['토마토', '홍피망', '오이', '양파', '올리브오일', '물', '토마토주스', '크루통']"
22,채소수프,"['감자', '당근', '양파', '샐러리', '양송이버섯', '홀토마토', '물', '버터']"
23,채소스프,"['쇠고기스톡', '버터', '당근', '양파', '샐러리', '피망', '무']"
24,치즈라이스볼,"['밥', '닭고기', '감자', '양파', '피망', '치즈', '밀가루', '계란', '빵가루', '튀김기름']"
25,치킨케밥과 카레볶음밥,"['닭', '카레', '밥', '식용유', '양송이버섯', '피망', '파프리카', '방울토마토', '꼬치']"
26,칠리소스라이스,"['밥', '쇠고기', '양파', '마늘', '토마토', '칠리', '프랑크소시지', '대파', '버터', '밀가루', '물']"
27,콘크림수프,"['스위트콘', '버터', '양파', '물', '우유', '생크림']"
28,껍질콩버터조림,"['껍질콩', '물', '파슬리', '베이컨', '양상추', '비프스톡파우더', '버터', '밀가루', '옥수수통조림', '셀피유']"
29,돼지고기바베큐,"['돼지고기', '양파', '밀가루']"
30,참치볼케첩조림,"['참치', '양파', '마늘', '계란흰자', '밀가루', '튀김기름', '당근', '피망']"
31,가지토마토그라탕,"['토마토', '가지', '모짜렐라치즈']"
32,감자오븐구이,"['감자', '포도씨오일']"
33,감자치즈구이,"['감자', '치즈', '베이컨']"
34,건포도간장소스백립,"['백립', '[재움액]', '생강', '통마늘', '월계수잎', '대파', '레드와인', '립삶은육수', '다진건포도', '커피']"
35,닭가슴살구이와채소샐러드,"['닭가슴살', '양상추', '각종유기농채소', '마늘', '소금', '통후추']"
36,대합구이,"['대합', '양파', '청피망', '홍피망', '모짜렐라치즈']"
37,등심스테이크,"['쇠고기', '양파', '당근', '호박', '감자', '가지', '샐러리']"
38,라타투유를곁들인대구요리,"['대구', '홍피망', '가지', '양파', '양송이버섯', '토마토', '호박']"
39,레이즌 연어 스테이크,"['연어', '버터', '레드', '페퍼콘', '어린채소']"
40,레이즌 폭찹,"['돼지갈비', '밀가루', '브랜디']"
41,레이즌닭다리스테이크,"['닭다리', '양파', '베이컨', '마늘']"
42,로스트치킨,"['닭', '양파', '감자', '당근', '셀러리']"
43,몬테리치킨,"['닭고기', '베이컨', '아메리칸치즈', '감자', '토마토', '실파', '브로콜리', '당근', '애호박']"
44,바베큐립,"['돼지등갈비', '샐러리', '양파', '마늘']"
45,바베큐립,"['돼지갈비', '청양고추', '통후추', '월계수잎']"
46,버팔로윙,"['닭', '화이트와인', '소금', '후춧가루', '버터', '밀가루']"
47,버팔로윙,"['닭고기', '샐러리', '마요네즈', '레몬즙', '파마산치즈']"
48,베이컨햄말이,"['베이컨', '햄', '식용유']"
49,비프채소롤,"['쇠고기', '당근', '양파', '청피망', '오이피클', '베이컨', '식용유', '밀가루', '홍피망']"
50,새우구이,"['새우', '양송이버섯', '청피망', '양파', '밥', '버터', '당근', '샐러리', '홍피망', '소금']"
51,속채운감자,"['감자', '버터', '우유', '후루츠칵테일', '은박컵']"
52,아메리칸닭구이,"['닭', '빵가루', '토마토', '양송이버섯', '감자', '당근', '브로콜리', '토마토소스']"
53,아스파라거스베이컨말이,"['아스파라거스', '메추리알', '베이컨', '꼬치']"
54,양송이치즈구이,"['양송이버섯', '쇠고기', '양파', '마늘', '치즈', '올리브오일', '파슬리']"
55,에그미트로프,"['계란', '다진쇠고기', '다진돼지고기', '양파', '빵가루', '쇠고기']"
56,에스프레소  목살 스테이크,"['미국산', '냉장', '목살']"
57,오븐감자구이,"['감자', '베이컨', '샤워크림']"
58,오븐채소구이,"['고구마', '단호박', '가지', '당근', '통마늘', '식용유']"
59,오징어버터구이,"['오징어', '버터']"
60,와인소스의감자로싼도미요리,"['도미', '감자', '화이트와인', '생크림', '양송이버섯', '양파', '가지', '토마토', '호박']"
61,왕새우구이와구운채소,"['대하', '아스파라거스', '새송이버섯', '느타리버섯', '애호박', '가지', '감자', '마늘']"
62,참치양송이구이,"['스타키스트참치통조림', '양송이버섯', '다진양파', '빵가루']"
63,치즈고기말이,"['쇠고기', '모짜렐라치즈', '카놀라유']"
64,치즈연어구이,"['연어', '치즈', '양상추', '토마토', '래디쉬', '호박', '가지', '카놀라유']"
65,치킨롤,"['닭', '당근', '완두콩통조림', '옥수수통조림', '식용유', '버터']"
66,콘버터,"['옥수수통조림', '오이', '파프리카', '피자치즈']"
67,콘치즈구이,"['옥수수통조림', '맛살', '당근', '피망', '피자치즈', '양파']"
68,크라포딘닭구이,"['닭고기', '버터', '올리브오일', '감자', '가지', '토마토', '다진마늘', '다진파슬리']"
69,토마토치즈구이,"['토마토', '양파', '청피망', '노랑', '파프리카', '모짜렐라치즈']"
70,포크소테,"['돼지고기', '식용유', '청피망']"
71,햄감자그라탕,"['햄', '감자', '옥수수', '양송이버섯', '피자치즈', '버터']"
72,햄버거스테이크,"['다진쇠고기', '다진돼지고기', '양파', '빵가루', '버터', '육수', '계란', '식용유']"
73,홍합구이,"['홍합', '빵가루', '생크림', '홍고추', '청고추', '파마산치즈']"
74,홍합치즈구이,"['홍합', '모짜렐라치즈', '파슬리가루']"
75,감자고로케,"['감자', '양파', '다진쇠고기', '밀가루', '계란', '빵가루', '식용유']"
76,고구마크로켓,"['고구마', '양파', '피망', '베이컨', '버터', '밀가루', '빵가루', '계란']"
77,고등어샐러드,"['고등어', '전분', '식용유', '양상추']"
78,골드 코스트 코코넛 쉬림프,"['새우', '밀가루', '코코넛', '가루', '레몬', '오렌지', '마멀레이드', '계란', '하우스시즈닝', '베이킹파우더', '맥주']"
79,닭날개너트봉,"['닭', '밀가루', '계란', '검은깨', '아몬드', '빵가루', '튀김기름']"
80,닭날개튀김,"['닭', '식용유', '녹말가루', '튀김가루']"
81,돈까스와베이비콘,"['돼지고기', '계란', '밀가루', '빵가루', '베이비콘', '스위트콘', '감자']"
82,돼지고기치즈말이튀김,"['돼지고기', '치즈', '청피망', '홍피망', '계란', '밀가루', '빵가루', '식용유']"
83,머스터드소스와치킨너겟,"['닭', '계란', '녹말', '빵가루']"
84,모짜렐라치즈스틱,"['모짜렐라치즈', '밀가루', '계란', '빵가루', '식용유']"
85,모짜렐라치즈튀김,"['모짜렐라치즈', '계란', '밀가루', '빵가루', '튀김기름']"
86,미니핫도그,"['포도씨유', '비엔나소시지', '빵가루', '밀가루', '계란', '우유']"
87,베이컨메추리알말이,"['베이컨', '메추리알', '계란', '밀가루', '빵가루', '튀김기름']"
88,베이컨미니커틀릿,"['삼겹살', '청피망', '양송이버섯', '홍피망', '계란', '치즈', '밀가루', '빵가루', '식용유']"
89,쇠고기치즈튀김,"['쇠고기', '치즈', '계란', '밀가루', '빵가루']"
90,쇠고기커틀릿,"['쇠고기', '모짜렐라치즈', '홍고추', '청고추', '밀가루', '계란', '빵가루', '치즈', '튀김기름', '레몬']"
91,식빵모서리튀김,"['식빵', '피자치즈', '식용유']"
92,양파링카레튀김,"['양파', '홍고추', '청고추', '밀가루', '계란', '빵가루']"
93,옥수수오믈렛,"['스위트콘', '햄', '표고버섯', '양파', '계란', '슬라이스치즈', '오이', '당근']"
94,옥수수크로켓,"['감자', '오이', '양파', '치즈', '밀가루', '빵가루', '계란', '스위트콘']"
95,치즈돈까스,"['돼지고기', '모짜렐라치즈', '청피망', '밀가루', '계란', '빵가루']"
96,치즈크로켓,"['계란흰자', '피자치즈', '밀가루', '넛맥', '식용유']"
97,치킨까스와 허니머스터드드레싱,"['닭안심', '밀가루', '계란', '빵가루']"
98,칠리소스참치볼,"['참치통조림', '양파', '청피망', '두부', '홍피망', '계란노른자', '빵가루']"
99,카레튀김밥,"['흰밥', '프랑크소시지', '밀가루', '계란', '빵가루', '버터', '카레가루']"
100,크로켓,"['밀가루', '드라이이스트', '설탕', '소금', '분유', '계란', '물', '버터']"
101,튀김볼모듬,"['새우', '고등어', '굴비', '갈치', '빵가루', '계란', '밀가루', '오렌지', '방울토마토']"
102,프라이드그린토마토,"['토마토', '빵가루', '다진올리브', '다진파슬리', '샐러드오일']"
103,피자돈까스,"['돼지고기', '양파', '청피망', '슬라이스치즈', '피자치즈', '피자소스', '밀가루', '계란', '빵가루', '식용유', '홍피망']"
104,허브를입혀튀긴고등어샐러리,"['고등어', '오렌지', '샐러리', '허브', '빵가루', '밀가루', '계란', '계란노른자']"
105,허브를입혀튀긴새우와레몬드레싱,"['새우', '빵가루', '밀가루', '매실', '레몬', '양상추', '꽃상추', '치커리', '알팔파싹']"
106,가자미롤찜,"['가자미', '양파', '양송이버섯']"
107,단호박크림찜,"['단호박', '크림치즈']"
108,제육배추찜,"['돼지고기', '부추', '양파', '당근', '배춧잎']"
109,치킨버섯찜,"['닭안심', '표고버섯', '느타리버섯', '팽이버섯', '당근', '청고추', '계란']"
110,토마토와찐갈치,"['갈치', '토마토', '청피망', '홍피망']"
111,홍합찜,"['홍합', '버터', '화이트와인', '시금치', '브로콜리']"
112,건강식과일해산물샐러드,"['생홍합', '바지락', '새우', '가리비', '도미살', '연어살', '블랙올리브', '파인애플', '사과', '딸기', '바나나', '꽃상추']"
113,과일샐러드,"['사과', '자몽', '샐러리', '오이', '딸기']"
114,과일샐러드,"['방울토마토', '키위', '파인애플통조림', '과일통조림', '씨리얼']"
115,그린샐러드,"['양상추', '피망', '셀러리', '오이']"
116,닭가슴살샐러드,"['닭', '건포도', '잣', '당근', '석류', '체드로', '샐러드']"
117,당근채 견과류샐러드,"['당근', '건포도', '물', '아몬드', '땅콩']"
118,레이즌쇠고기샐러드,"['쇠고기', '건포도', '잣', '아스파라거스', '어린잎채소']"
119,레이즌컨츄리샐러드,"['브로콜리', '건포도', '피칸', '베이컨', '적양파', '마요네즈', '레드와인비네거', '사워크림', '디종머스터드', '파마산치즈가루', '소금', '후춧가루']"
120,레이즌푸실리컵샐러드,"['닭고기', '건포도', '푸실리', '홍피망', '샐러리', '옥수수', '다진마늘', '화이트와인', '오렌지', '춘권피', '소금', '후춧가루']"
121,멕시칸샐러드,"['햄', '피망', '샐러리', '피망', '오이', '양배추잎', '삶은계란노른자', '파슬리']"
122,모듬샐러드,"['후춧가루', '파마산치즈', '샐러드', '체리토마토', '올리브', '옥수수']"
123,무당근피클,"['무', '당근', '월계수잎']"
124,바질토마토두부샐러드,"['두부', '토마토', '바질', '다진양파']"
125,발사믹드레싱샐러드,"['샐러드채소', '발사믹식초', '토마토']"
126,사과치즈샐러드,"['치즈', '사과', '상추']"
127,새우와 아보카도샐러드,"['새우', '아보카도', '소금']"
128,새우와토마토샐러드,"['새우', '체리토마토', '미림']"
129,시금치샐러드,"['시금치', '양송이버섯', '베이컨', '파마산치즈치즈']"
130,시저샐러드,"['식빵', '향신료', '양파', '양상추', '방울토마토', '치커리']"
131,양상추참치샐러드,"['참치', '양파', '당근', '오이', '양상추', '적채']"
132,연어샐러드,"['훈제연어', '앤다이브', '트레비스', '양파', '케이퍼']"
133,연어양상추쌈,"['양상추', '오이피클', '훈제연어', '체리', '무순']"
134,월도프치킨샐러드,"['닭고기', '다진양파', '다진마늘', '레드와인', '파프리카파우더', '사과', '샐러리', '귤', '브로콜리', '호두', '건포도']"
135,젤리샐러드,"['젤리', '샐러드용채소', '방울토마토', '과자', '오렌지', '감자', '당면']"
136,치즈아보카도,"['아보카도', '크림치즈']"
137,치즈토마토,['토마토']
138,치킨텐더,"['닭고기', '밀가루', '빵가루', '파프리카', '양상추', '방울토마토', '베이컨', '삶은계란']"
139,컬리플라워해물샐러드,"['컬리플라워', '오징어', '새우', '소금']"
140,컵샐러드,"['햄', '방울토마토', '오이', '양파', '사과', '파슬리', '허브', '[설탕물]설탕', '물', '춘권피']"
141,케이준치킨샐러드,"['계란', '녹말가루', '밀가루', '빵가루', '소금', '파슬리', '양상추', '방울토마토', '슬라이스치즈', '닭안심', '오이']"
142,콘샐러드,"['옥수수통조림', '오이', '파프리카']"
143,콩샐러드,"['콩', '햄', '양파', '계란', '식용유']"
144,크레송샐러드,"['베이컨', '생파스타', '크레송', '사라다나', '그린비타민', '샐러리', '새송이버섯', '토마토', '그라나빠다노', '마른커런트젤리']"
145,키위드레싱과콘샐러드,"['양상추', '양배추', '토마토', '양파', '치커리', '스위트콘', '적채']"
146,토마토샐러드,"['토마토', '오이', '버팔로치즈', '양파', '올리브']"
147,파스칼샐러드,"['바케트빵', '계란', '비트', '아스파라거스', '오렌지', '샐러드잎']"
148,파프리카향의 치킨셀러드,"['닭', '대파', '파프리카파우더']"
149,파프리카향의쁘띠첼샐러드,"['쁘띠첼', '파프리카', '샐러드', '방울토마토', '케이퍼', '감자']"
150,해산물모듬샐러드,"['새우', '오징어', '소라', '홍합', '치커리', '양상추']"
151,흑미 샐러드,"['샐러드용', '야채', '오렌지', '방울토마토', '흑미', '백미']"
152,오이피클,"['오이', '양파', '홍고추', '통생강', '당근', '물']"
153,채소피클,"['미니파프리카', '오이', '당근', '브로콜리', '양배추']"
154,가리비그라탕,"['가리비', '버터', '다진마늘', '다진파슬리', '검은올리브', '엔초비']"
155,그릴드쉬림프,"['새우', '버터', '브로콜리', '컬리플라워', '양파', '당근', '홍피망', '청피망', '밥', '샐러드오일']"
156,까나페,"['식빵', '비스켓', '치즈', '햄', '오이', '키위', '방울토마토', '잎상추']"
157,새우스크램블,"['새우', '계란', '오이', '당근', '버터']"
158,생선뮈니에르,"['가자미', '후춧가루', '밀가루', '파슬리']"
159,생선버터구이,"['생선', '우유', '밀가루']"
160,생선살튀김과타르타르소스,"['흰살생선', '감자', '계란', '당근', '피망', '밀가루', '빵가루', '식용유']"
161,스크램블드에그,"['계란', '우유', '딸기', '베이컨']"
162,스페니쉬오믈렛,"['계란', '감자', '당근', '청피망', '양파', '포도씨유']"
163,안심스테이크,"['쇠고기', '당근', '감자', '오이', '밀가루', '버터', '육수']"
164,오믈렛,"['계란', '우유', '식용유', '버터']"
165,오븐에 구운 브리치즈,"['브리치즈', '꿀', '다진아몬드']"
166,이탈리안오믈렛,"['돼지호박', '양파', '표고버섯', '베이컨', '계란', '스위트콘', '우유']"
167,찹스테이크,"['안심', '양송이버섯', '양파', '브로콜리', '당근', '베이컨', '양상추', '식용유', '밥', '물']"
168,포크스테이크,"['돼지고기', '양파', '피망', '무명실']"
169,포테이토스킨,"['감자', '베이컨', '치즈', '기름']"
170,휠레미뇽스테이크,"['쇠고기', '버터', '감자', '아스파라거스', '치즈', '컬리플라워', '데미글라스소스', '식용유']"
171,감자샐러드,"['감자', '베이컨', '완두', '양파']"
172,김치핫도그,"['배추김치', '핫도그빵', '피망', '양파', '햄', '슬라이스치즈', '계란', '슬라이스피클', '참기름', '설탕']"
173,마늘빠스,"['마늘', '설탕', '물엿']"
174,뮈슬리,"['플레인요구르트', '씨리얼', '우유', '견과류', '말린과일']"
175,밤베이컨말이,"['밤', '베이컨', '식용유']"
176,스카치에그,"['쇠고기', '돼지고기', '빵가루', '우유', '당근', '삶은', '계란', '밀가루', '계란', '빵가루', '튀김기름', '시금치']"
177,양배추베이컨말이,"['양배추잎', '베이컨', '프랑크소시지', '실파']"
178,오믈렛도시락,"['밥', '새우', '양파', '당근', '청피망', '홍피망', '버터', '계란', '미나리']"
179,옥수수프리터,"['햄', '옥수수', '밀가루', '베이킹파우더', '계란', '우유', '튀김기름', '완두콩']"
180,요거트젤리,"['플레인요구르트', '생크림', '설탕', '판젤라틴']"
181,초코넛트바,"['초콜릿', '생크림', '럼주', '마쉬멜로우', '드라이스트로베리', '아몬드', '초코쿠키']"
182,초코비스코티,"['버터', '설탕', '계란', '생크림', '럼주', '밀가루', '코코아가루', '통아몬드', '슬라이스아몬드', '화이트커버쳐초콜릿']"
183,치즈스틱,"['밀가루', '버터', '체다슬라이스치즈', '물', '계란', '흑임자', '식용유']"
184,치즈플레이트,"['까망베르치즈', '훈제치즈', '허브갈릭치즈', '에멘탈치즈', '크림치즈', '오이', '식빵', '크래커']"
185,크림치즈&키위,"['키위', '크림치즈', '계란노른자', '젤라틴', '땅콩', '아몬드슬라이스']"
186,크박,"['우유', '물']"
187,포테이토칩,['감자']
188,계피향의 바나나구이,"['바나나', '버터', '아아스크림']"
189,과일젤리,"['수박', '오렌지', '키위', '판젤라틴']"
190,레이즌셔벗,"['레이즌', '바나나', '우유', '플레인요거트', '설탕', '레몬즙', '브랜디', '애플민트']"
191,모듬과일,"['사과', '키위', '오렌지']"
192,바닐라아이스크림,"['설탕', '우유', '생크림', '계란노른자', '바닐라빈']"
193,발렌타인초콜릿,"['판초콜릿', '생크림', '물엿', '트러프쉘']"
194,배머랭,"['배', '계란흰자', '은박컵']"
195,수박젤리,"['물', '설탕', '판젤라틴', '수박즙', '화이트와인']"
196,수박카나페,"['수박', '까망베르치즈', '블랙올리브']"
197,시드니신풀선데,"['바닐라아이스크림', '코코넛가루', '초콜릿시럽', '휘핑크림']"
198,싱가폴슬링,"['진', '레몬', '체리브랜디', '소다수', '얼음']"
199,애플스튜,"['사과', '물', '설탕', '건포도', '계핏가루']"
200,오렌지젤리,"['오렌지', '물', '판젤라틴', '트리플색']"
201,옥수수아이스크림,"['우유', '생크림', '옥수수가루', '계란노른자', '설탕', '바닐라빈']"
202,요구르트푸딩,"['플레인요구르트', '계란노른자', '설탕', '바닐라빈', '우유', '옥수수전분']"
203,장미꽃아이스크림,"['아이스크림', '식용장미꽃']"
204,초코프루츠,"['딸기', '미니바나나', '초콜릿', '버터', '레몬즙']"
205,초콜릿아이스크림,"['우유', '생크림', '초콜릿', '계란노른자', '설탕', '바닐라빈']"
206,케러멜,"['생크림', '트리몰린', '설탕', '물엿', '버터', '슈가파우더']"
207,케이크아이스크림,"['우유', '생크림', '설탕', '애플민트', '황도', '키위']"
208,트러플쉘,"['버터', '생크림', '밀크초콜릿', '럼주', '트러플쉘', '커버츄어초콜릿', '코코아', '분당', '버터']"
209,홍초젤리,"['생수', '발효초', '설탕', '판젤라틴', '과일']"
210,화이트와인젤리,"['물', '설탕', '판젤라틴', '레몬주스', '화이트와인']"
211,딸기잼,"['딸기', '레몬주스', '설탕', '물']"
212,마요네즈드레싱,"['계란노른자', '샐러드유', '식초']"
213,발사믹드레싱,"['발사믹식초', '올리브오일', '소금', '통후추']"
214,애플소스,['사과']
215,"잼(사과, 딸기, 포도)","['포도', '설탕', '사과', '딸기']"
216,타르타르소스,"['마요네즈', '피클', '삶은계란', '양파', '파슬리']"
217,토마토소스,"['홀토마토', '양파', '당근', '샐러리', '월계수잎', '올리브오일', '토마토', '물']"
218,토마토소스,"['홀토마토', '토마토', '양파', '당근', '샐러리', '월계수잎', '올리브오일', '물']"
219,포도잼,"['포도알', '판젤라틴']"
220,프렌치드레싱,"['샐러드오일', '식초']"
221,가토쇼콜라,"['다크초콜릿', '생크림', '버터', '계란노른자', '설탕', '박력분', '코코아가루', '슈가파우더']"
222,감자수플레,"['감자', '소금', '생크림', '버터', '계란', '다진파']"
223,감자타르트,"['감자', '계란노른자', '버터', '타르트피', '양파', '베이컨', '파마산치즈']"
224,건포도럼코코아초콜릿,"['생크림', '럼주', '버터', '초콜릿', '건포도', '건포도']"
225,건포도스콘,"['밀가루', '베이킹파우더', '설탕', '버터', '우유', '건포도', '호두', '럼주']"
226,건포도초콜릿볼,"['밀크초콜릿', '생크림', '깔루아', '건포도', '호두', '아몬드슬라이스', '해바라기씨']"
227,계피설탕빵,"['버터', '아몬드', '건포도', '계란노른자', '우유', '밀가루', '드라이이스트', '설탕', '소금', '물', '계란', '버터']"
228,고구마케이크,"['고구마', '케이크시트', '우유', '설탕', '계란노른자', '밀가루', '시럽', '생크림']"
229,고구마케이크,"['고구마', '생크림', '럼주', '계란', '소금', '박력분', '버터', '베이킹파우더']"
230,고구마파이,"['고구마', '밀가루', '설탕', '무염버터', '소금', '드라이이스트', '버터', '우유', '물', '계핏가루', '럼주', '생크림', '카스텔라가루']"
231,곰돌이몰드초콜릿,"['다크초콜릿', '화이트초콜릿', '[핑크색', '초콜릿]', '푸드컬러', '화이트초콜릿']"
232,과일카스테라,"['카스테라', '귤', '체리', '키위', '버터', '슈가파우더']"
233,과일타르트,"['[타르트반죽]박력분', '버터', '계란', '분당', '[필링반죽]버터', '설탕', '계란', '아몬드분말', '박력분']"
234,과일타틀렛,"['[반죽]', '버터', '분당', '계란', '박력분', '[충전용크림]', '버터', '설탕', '계란', '아몬드분말', '박력분', '커스터드크림']"
235,과일프리터,"['사과', '복숭아', '옥수수', '건포도', '밀가루', '베이킹파우더', '계란', '우유', '설탕', '소금']"
236,구겔호프,"['밀가루', '전분', '베이킹파우더', '버터', '계란', '우유', '레몬필', '건포도', '호도']"
237,깨빵,"['밀가루', '드라이이스트', '설탕', '소금', '물', '버터', '검은깨', '계란노른자']"
238,꽈배기페스트리,"['강력분', '중력분', '설탕', '소금', '무염버터', '무염버터', '물', '이스트', '코코넛가루', '계핏가루', '우유']"
239,넛트초콜릿,"['다크초콜릿', '캐슈넛', '통아몬드', '피칸', '피스타치오', '젤리', '혹은', '건과류(건살구)']"
240,넛트핫케이크,"['핫케이크가루', '계란', '우유', '땅콩', '아몬드', '생크림', '설탕']"
241,노엘케이크(집모양케이크),"['박력분', '설탕', '베이킹파우더', '코코아', '우유', '버터', '물엿', '계란', '설탕']"
242,녹차머핀,"['밀가루', '베이킹파우더', '베이킹소다', '녹차가루', '버터', '설탕', '계란', '바닐라향', '생크림', '우유', '머핀컵']"
243,녹차쉬폰케이크,"['계란', '식용유', '설탕ⓑ', '소금', '럼주', '밀가루', '베이킹파우더', '녹차가루', '생크림', '설탕ⓐ', '주석산', '설탕', '럼주']"
244,녹차티라미수,"['카스텔라', '계란노른자', '설탕', '크림치즈', '생크림', '녹차가루', '물', '녹차가루', '설탕', '무스틀']"
245,당근케이크,"['당근', '밀가루', '베이킹파우더', '계란', '계핏가루', '설탕', '버터', '소금', '정향', '넛맥', '올스파이스', '호두', '건포도', '파인애플통조림', '베이킹소다', '식용유']"
246,데쎄르,"['우유', '계란노른자', '설탕', '바닐라에센스', '계란흰자', '설탕']"
247,덴마크식치즈케이크,"['우유', '계란노른자', '계란흰자', '설탕', '크림치즈', '밀가루', '레몬껍질', '파인애플주스']"
248,딸기 샌드쿠키,"['박력분', '아몬드가루', '계란흰자', '설탕', '버터']"
249,딸기무스,"['딸기', '판젤라틴', '생크림', '딸기퓌레', '레몬밤']"
250,딸기생크림케이크,"['계란', '설탕', '물엿', '우유', '버터', '박력분', '딸기', '생크림', '무스띠']"
251,딸기생크림케이크,"['딸기', '[케이크시트]계란', '설탕', '밀가루', '옥수수', '전분', '바닐라오일', '버터', '우유', '[크림]', '플레인요구르트', '생크림', '설탕', '무스틀']"
252,딸기와아몬드추이르,"['박력분', '아몬드가루', '버터', '딸기', '생크림']"
253,땅콩버터쿠키,"['밀가루', '마가린', '황설탕', '설탕', '계란', '땅콩버터', '소금', '베이킹파우더']"
254,레몬수플레,"['레몬', '밀가루', '설탕', '버터', '계란', '우유']"
255,레이즌가나슈초코타르트,"['버터', '[타르트지]', '밀가루', '아몬드가루', '설탕', '슈가파우더', '계란노른자', '소금', '건포도', '[가나슈]', '다크초콜릿', '생크림', '물엿', '버터']"
256,레이즌마블케이크,"['버터', '설탕', '밀가루', '계란', '아몬드가루', '소금', '건포도', '베이킹파우더', '코코아가루', '호두', '[장식재료]', '레드체리', '그린체리', '피칸', '호두', '건포도']"
257,레이즌비스코티,"['계란', '설탕', '바닐라오일', '버터', '밀가루', '아몬드가루', '소금', '베이킹파우더', '건포도']"
258,레이즌쇼콜라케이크,"['밀가루', '코코아가루', '생크림', '초콜릿', '버터', '계란노른자', '건포도', '계란흰자', '설탕', '[장식용]', '생크림', '설탕', '럼', '슈가파우더', '피스타치오']"
259,레이즌애플파이,"['사과', '버터', '설탕', '계핏가루', '레몬주스', '럼주', '건포도']"
260,레이즌초코쿠키,"['버터', '밀가루', '무가당카카오가루', '다크초콜릿', '설탕', '베이킹파우더', '소금', '우유', '건포도', '청크초콜릿']"
261,레이즌초코휘낭시에,"['버터', '설탕', '건포도', '계란흰자', '꿀', '아몬드가루', '밀가루', '옥수수전분', '코코아가루', '베이킹파우더']"
262,레이즌컵케이크,"['[머핀]', '버터', '설탕', '계란', '노른자', '계란', '흰자', '밀가루', '베이킹파우더', '소금', '생크림', '럼레이즌', '[크림]', '생크림', '크림치즈', '설탕', '바닐라빈']"
263,레이즌컵코블러,"['사과', '옥수수전분', '럼에절인건포도', '밀가루', '베이킹파우더', '버터', '다진건포도', '생크림', '계란']"
264,레이즌크레페케이크,"['계란', '설탕', '우유', '[크레페]', '밀가루', '소금', '녹인버터', '[치즈크림]', '분설탕', '마스카포네', '치즈', '레몬껍질', '즙', '휘핑크림', '건포도', '[커스터드크림]', '우유', '바닐라빈', '버터', '밀가루', '설탕', '계란노른자']"
265,레이즌크리스탈쿠키,"['버터', '바닐라오일', '슈가파우더', '건포도페이스트', '밀가루', '아몬드가루', '사탕']"
266,레이즌크림치즈푸루따,"['[비스퀴]', '밀가루', '계란', '건포도', '설탕', '파인애플주스', '과일', '[크림치즈]', '크림치즈', '계란', '생크림', '설탕', '럼']"
267,롤케이크,"['밀가루', '계란', '올리고당', '소금', '바닐라에센스']"
268,링도넛,"['밀가루', '설탕', '계란', '버터', '베이킹파우더', '분유', '소금', '바닐라향', '다진땅콩', '코코넛가루', '레인보우사탕', '[계피설탕]', '계핏가루', '설탕', '다크초콜릿', '도넛틀', '또는', '원형틀']"
269,마늘버터빵,['바게트빵']
270,마늘빵,"['바게트', '버터', '마늘', '파슬리가루']"
271,마늘식빵,"['강력분', '드라이이스트', '설탕', '소금', '분유', '물', '마늘', '버터']"
272,마들렌,"['밀가루', '설탕', '계란', '버터', '소금', '레몬', '베이킹파우터']"
273,망고무스케이크,"['망고퓨레', '레몬즙', '판젤라틴', '계란흰자', '설탕', '물', '생크림', '스폰지케이크', '쿠엥트로', '산딸기퓨레']"
274,머랭쿠키,"['계란흰자', '가루설탕']"
275,메뉴판생크림케이크,"['설탕', '밀가루', '버터', '계란', '생크림', '설탕', '럼주']"
276,모닝빵,"['밀가루', '설탕', '분유', '소금', '계란', '우유', '물', '생이스트', '버터', '우유나', '녹인버터']"
277,모양쿠키,"['박력분', '베이킹파우더', '버터', '설탕', '계란', '건포도', '계란노른자', '계핏가루']"
278,모양쿠키,"['박력분', '설탕', '베이킹파우더', '우유', '버터', '마가린', '쇼트닝', '식용색소']"
279,모카빵,"['밀가루', '드라이이스트', '커피', '버터', '건포도', '소금', '설탕', '계란', '물', '[토핑용', '비스킷]', '밀가루', '계란', '설탕', '버터', '베이킹파우더', '소금', '우유']"
280,모카케이크,"['밀가루', '설탕', '계란', '버터', '바닐라에센스', '물', '커피에센스', '[모카크림]', '버터', '설탕', '물', '계란노른자', '커피에센스', '계란노른자', '바닐라에센스', '[시럽]', '설탕', '물']"
281,미니고구마케이크,"['카스텔라', '고구마', '생크림', '모양틀']"
282,미니초콜릿케이크,"['박력분', '버터', '코코아가루', '설탕', '계란', '베이킹파우더', '아몬드가루', '생크림', '머핀컵']"
283,바나나머핀,"['박력분', '버터', '설탕', '바나나', '계란', '베이킹파우더', '베이킹소다']"
284,바나나스프레드토스트,"['바나나', '식빵', '딸기', '물', '꿀']"
285,바나나초코카스텔라롤,"['바나나', '초콜릿', '생크림', '럼주', '카스텔라']"
286,바나나컵케이크,"['버터', '설탕', '계란', '바나나', '박력분', '베이킹파우더']"
287,밤식빵,"['밀가루', '밀가루', '설탕', '버터', '소금', '우유', '계란', '밤통조림', '드라이이스트', '물', '계란', '밀가루']"
288,버터링쿠키,"['밀가루', '버터', '베이킹파우더', '설탕', '계란노른자', '바닐라향', '우유', '체리', '아몬드슬라이스']"
289,베이비슈크림,"['밀가루', '버터', '계란', '우유', '물', '설탕', '소금', '[커스터드크림]', '우유', '바닐라빈', '계란노른자', '설탕', '밀가루', '밀가루', '버터']"
290,봄브가나슈케이크,"['버터', '설탕', '계란', '우유', '중력분', '베이킹파우더', '다크초콜릿', '생크림']"
291,뷔슈드노엘,"['박력분', '설탕A', '설탕B', '계란', '물', '커피', '베이킹파우더', '식용유']"
292,브라우니,"['다크초콜릿', '버터', '코코아가루', '밀가루', '설탕', '계란']"
293,브라우니치즈케이크,"['계란', '설탕', '버터', '[브라우니', '재료]', '다크초콜릿', '밀가루', '소금', '호두', '코코아가루', '[크림치즈', '재료]', '요플레', '크림치즈', '생크림', '설탕', '계란', '바닐라빈', '옥수수전분', '호두']"
294,브라우니치즈쿠키,"['박력분', '버터', '설탕', '계란노른자', '코코아가루', '녹말가루']"
295,블루베리케이크,"['박력분', '계란', '설탕', '식용유', '물', '베이킹파우더', '소금', '바니라향']"
296,비스팅케이크,"['설탕', '계란', '박력분', '베이킹파우더', '우유', '버터', '설탕', '마가린', '아몬드', '설탕', '옥수수전분', '계란노른자', '우유', '버터', '생크림']"
297,쁘띠파운드케이크,"['밀가루', '베이킹파우더', '버터', '설탕', '계란', '바닐라향', '젤리', '건포도']"
298,사과케이크,"['밀가루', '베이킹파우더', '계란', '설탕', '무염버터', '사과']"
299,사과타르트풍핫케이크,"['사과', '핫케이크가루', '계란', '우유', '버터', '설탕', '레몬즙']"
300,산딸기무스케이크,"['산딸기퓨레', '설탕', '레몬즙', '판젤라틴', '쿠엥트로', '생크림', '스펀지케이크시트']"
301,산초포카시아,"['강력분', '박력분', '소금', '이스트', '물', '올리브오일', '마가린', '산초가루']"
302,소보로빵,"['강력분', '이스트', '버터', '물', '분유', '계란', '소금', '설탕']"
303,쇼콜라프로마쥬,"['크림치즈', '사워크림', '계란노른자', '설탕', '생크림', '판젤라틴', '레몬', '키리슈', '초코비스킷가루', '호두', '버터', '초콜릿', '시럽']"
304,쉬퐁케이크,"['계란', '중력분', '베이킹파우더', '설탕', '소금', '계란흰자', '설탕', '식용유', '레몬주스']"
305,스펀지케이크,"['박력분', '계란', '설탕', '바닐라향', '우유', '버터']"
306,시가렛쿠키,"['분설탕', '중력분', '계란흰자', '버터']"
307,식빵,"['강력분', '드라이이스트', '설탕', '소금', '분유', '미지근한물', '버터']"
308,쑥브리오슈,"['밀가루', '설탕', '소금', '이스트', '버터', '계란', '물', '쑥']"
309,아마렛띠,"['아몬드', '호두', '슈가파우더', '계란흰자']"
310,아몬드링케이크,"['밀가루', '설탕', '버터', '계란', '아몬드', '베이킹파우더', '생크림', '살구잼', '아몬드']"
311,아이스크림와플,"['밀가루', '베이킹파우더', '설탕', '베이킹소다', '계란', '우유', '바닐라오일', '시판용아이스크림', '바나나']"
312,아이싱쿠키,"['버터', '설탕', '계란', '박력분', '아몬드분말', '물', '베이킹파우더', '슈가파우더']"
313,애플크레이프,"['사과', '설탕', '계란', '우유', '녹인버터', '밀가루', '소금', '생크림']"
314,애플파이,"['밀가루', '버터', '계란노른자', '냉수', '소금', '사과', '설탕', '계핏가루', '물']"
315,애플파이,"['밀가루', '설탕', '소금', '버터', '계란노른자', '우유', '사과']"
316,어니언브레드,"['밀가루', '드라이이스트', '탈지분유', '설탕', '소금', '버터', '물', '양파', '베이컨', '모짜렐라치즈', '마요네즈', '토마토케첩', '후춧가루']"
317,오렌지건포도빵,"['강력분', '드라이이스트', '설탕', '소금', '계란', '우유', '버터', '오렌지마멀레이드', '건포도', '계란노른자', '검은깨']"
318,오렌지아몬드트일,"['밀가루', '설탕', '아몬드슬라이스', '계란흰자', '무염버터', '오렌지시럽']"
319,오렌지크레이프,"['밀가루', '우유', '계란', '설탕']"
320,우유식빵,"['밀가루', '우유', '드라이이스트', '이스트푸드', '소금', '설탕', '버터', '쇼트닝']"
321,잉글리쉬머핀,"['밀가루', '드라이이스트', '소금', '탈지분유', '설탕', '버터', '물']"
322,전기밥솥케이크,"['계란', '밀가루', '설탕', '베이킹파우더', '바닐라향', '소금', '우유', '녹인버터']"
323,참치파이,"['중력분', '소금', '물', '마가린', '스타키스트참치통조림', '계란', '그린올리브', '레몬', '양파']"
324,채소모닝빵,"['강력분', '이스트', '설탕', '소금', '분유', '개량제', '우유', '물', '계란', '버터', '양파', '당근', '햄', '마가린']"
325,초코머핀,"['버터', '설탕', '트리몰린', '계란', '계란노른자', '밀가루', '코코아가루', '베이킹파우더', '아몬드가루', '생크림', '호두', '초코칩']"
326,초코머핀,"['다크초콜릿', '버터', '밀가루', '베이킹파우더', '소금', '계란', '황설탕', '초코칩', '견과류', '다크초콜릿']"
327,초코버터쿠키,"['밀가루', '버터', '베이킹파우더', '설탕', '계란노른자', '바닐라향', '우유', '초코시럽']"
328,초코스콘,"['플레인요구르트', '박력분', '버터', '베이킹파우더', '소금', '설탕', '초콜릿', '우유']"
329,초코칩쿠키,"['박력분', '설탕', '베이킹파우더', '베이킹소다', '버터', '초콜릿', '계란']"
330,초코칩쿠키,"['밀가루', '설탕', '베이킹파우더', '베이킹소다', '버터', '초콜릿', '계란']"
331,초코칩쿠키,"['중력분', '설탕', '쇼트닝', '마가린', '계란', '초코칩', '아몬드슬라이스', '베이킹파우더']"
332,초코크리스피,"['씨리얼', '초콜릿', '건포도', '땅콩', '꿀']"
333,초콜릿무스,"['초콜릿', '버터', '계란노른자', '설탕', '오렌지', '생크림', '젤라틴', '물', '화이트초콜릿']"
334,초콜릿케이크,"['밀가루', '코코아', '설탕', '계란', '우유', '바닐라액', '초콜릿']"
335,초콜릿케이크,"['버터', '코코아', '럼주', '계란노른자', '설탕', '밀가루', '계란흰자', '설탕', '다크초콜릿', '생크림']"
336,초콜릿퐁듀,"['다크초콜릿', '생크림', '딸기', '포도', '바나나', '멜론', '기타', '제철과일', '마쉬멜로우']"
337,쵸코생크림케이크,"['계란', '설탕', '소금', '우유', '코코아', '박력분', '버터', '쵸코렛', '우유']"
338,쵸코칩쿠키,"['버터', '계란', '황설탕', '박력분', '베이킹파우더', '쵸코칩', '소금', '오트밀']"
339,치즈카나페,"['무설탕크래커', '슬라이스', '치즈', '방울토마토', '오이', '치커리']"
340,치즈케이크,"['우유', '마가린', '계란', '크림치즈', '박력분', '전분', '설탕', '생크림', '레몬즙']"
341,카스테라,"['박력분', '설탕', '버터', '계란노른자', '계란', '소금', '물엿', '우유']"
342,커스터드푸딩,"['계란', '설탕', '우유', '시럽', '식용유']"
343,커피머핀,"['버터', '설탕', '계란', '박력분', '베이킹파우더', '커피', '물']"
344,콘컵케이크,"['스위트콘', '계란', '설탕', '박력분', '버터', '우유', '베이킹파우더', '소금']"
345,쿠키카드,"['박력분', '설탕', '버터', '쇼트닝', '계란', '로얄아이싱', '초코볼']"
346,크레이프쌈,"['계란', '밀가루(박력분)', '설탕', '우유', '식용유']"
347,크루아상,"['강력분', '박력분', '드라이이스트', '설탕', '소금', '분유', '계란', '물', '버터', '마가린']"
348,크리스마스빵,"['밀가루', '물', '설탕', '버터', '소금', '분유', '계란', '이스트', '개량제', '박력분', '케이크크럼', '버터', '설탕', '체리', '초코칩', '젤리', '아몬드']"
349,크리스마스케이크,"['박력분', '베이킹파우더', '계란', '버터', '바닐라향', '설탕', '소금']"
350,크리스마스케이크,"['밀가루', '소금', '계란', '설탕', '향', '식용유', '생크림', '시럽', '초콜릿', '체리']"
351,크림치즈타르트,"['[타르트반죽]', '밀가루', '아몬드파우더', '슈가파우더', '버터', '계란노른자', '소금', '[필링]', '크림치즈', '설탕', '크림치즈요구르트', '생크림', '계란', '옥수수전분', '바닐라빈', '레몬즙', '콩']"
352,크림치즈팬케이크,"['밀가루', '설탕', '오렌지', '우유', '계란', '버터', '오렌지주스', '크림치즈']"
353,클래식 쇼콜라,"['다크초콜릿', '생크림', '버터', '계란노른자', '설탕', '계란흰자', '설탕', '강력분', '박력분', '코코아']"
354,키세스초코땅콩쿠키,"['박력분', '베이킹파우더', '소금', '땅콩버터', '버터', '설탕', '계란', '우유', '다진아몬드', '키세스초콜릿']"
355,티라미수,"['계란', '설탕', '박력분', '코코아', '베이킹파우더', '버터', '식용유', '[치즈무스]', '크림치즈', '생크림', '설탕', '계란노른자', '젤라틴', '코코아스펀지']"
356,파인애플머핀,"['밀가루', '버터', '설탕', '요플레', '계란', '코코넛크림파우더', '베이킹파우더', '파인애플', '소금']"
357,팥앙금빵,"['강력분', '이스트', '설탕', '소금', '계란', '물', '버터', '팥앙금', '계란노른자', '물', '깨', '삶은밤']"
358,프라이팬넛트쿠키,"['박력분', '버터', '계란', '땅콩버터', '설탕', '베이킹파우더', '아몬드', '땅콩', '호두', '분설탕']"
359,프럼케이크,"['버터', '설탕', '계란', '밀가루', '설탕에절인과일', '브랜디', '계란흰자', '설탕', '소금', '바닐라향']"
360,피칸파이,"['[반죽용]', '밀가루', '마가린', '계란노른자', '우유', '물']"
361,핫케이크,"['박력분', '베이킹파우더', '계란', '설탕', '소금', '우유', '버터', '슈가파우더']"
362,현미과일케이크,"['현미', '건포도', '커런트', '한천']"
363,호박빵,"['계란', '설탕', '소금', '건포도', '호박', '밀가루', '밀가루', '베이킹파우더', '베이킹소다', '식용유', '우유']"
364,호일초콜릿,"['밀크초콜릿', '화이트초콜릿', '레인보우', '다진피스타치오', '다진아몬드', '초콜릿호일컵', '다크초콜릿']"
365,까페라떼,"['설탕', '에스프레소', '우유']"
366,딸기스무디,"['딸기', '요구르트', '레몬즙', '시럽', '설탕', '물']"
367,딸기스무디,"['딸기', '레몬', '플레인요구르트', '꿀']"
368,레몬에이드,"['레몬', '생수', '탄산수', '민트잎']"
369,롱아일랜드아이스티,"['럼주', '보드카', '드라이진', '트리플색', '데킬라', '스위트앤사워', '콜라', '민트잎', '레몬조각']"
370,모스코바뮬,"['보드카', '라임', '진저비어']"
371,발효초요구르트,"['플레인요구르트', '발효초', '초콜릿', '과일통조림', '꿀']"
372,아메리카노,"['보드카', '캄파리', '스위트버무스', '진저비어', '소다수', '라임']"
373,아이스커피,"['원두커피', '물', '얼음']"
374,아이스후르츠소다,"['수박', '키위', '오렌지', '레몬', '사이다']"
375,요구르트젤리,"['우유', '플레인요구르트', '젤라틴', '물', '통조림과일', '모양틀']"
376,카페라떼,"['커피추출액', '우유']"
377,카푸치노,"['카페에스프레소', '우유', '설탕', '계핏가루']"
378,키위주스,"['키위', '우유', '오렌지주스', '무순', '호두']"
379,토마토주스,"['토마토', '얼음']"
380,플랜터즈,"['자마이카럼', '라임쥬스', '오렌지주스', '파인애플주스', '그레나딘', '비트', '소다수', '얼음']"
381,게살소스스파게티,"['스파게티', '새우', '갑오징어', '홍합', '파슬리', '방울토마토', '게살소스']"
382,매운토마토소스펜네,"['펜네', '토마토', '올리브오일', '양파']"
383,빕앤터커파스타,"['스파게티', '물', '올리브오일', '양파', '다진마늘', '오레가노', '파프리카', '후추', '밀가루', '갑오징어', '작은새우', '화이트와인']"
384,뽀모도로 토마토파스타,"['토마토홀', '스파게티', '양파', '마늘']"
385,시칠리아식 파스타,"['가지', '파스타', '페코리노치즈', '쇠고기', '완두콩', '닭간', '판체타', '베이컨', '기름', '기름종이']"
386,정통 나폴리 까르보나라,"['페델리니', '베이컨', '양파', '이태리파슬리']"
387,해물스파게티,"['스파게티', '홍합', '오징어', '새우', '양파', '샐러리', '양송이', '다진마늘', '홀토마토', '버터', '밀가루', '올리브오일', '토마토']"
388,감자양파그라탕,"['감자', '양파', '베이컨', '버터', '빵가루', '모짜렐라치즈']"
389,고구마그라탱,"['고구마', '생크림', '모짜렐라치즈']"
390,닭고기콘그라탕,"['닭고기', '스위트콘', '양파', '브로콜리', '우유']"
391,레이즌파르미자나,"['가지', '감자', '모짜렐라치즈', '파슬리']"
392,버섯리조또,"['쌀', '물', '우유', '파마산치즈', '베이컨']"
393,브로콜리치즈구이,"['브로콜리', '새우', '밀가루', '치즈']"
394,송편라비올리그라탕,"['송편', '토마토', '양파', '모짜렐라', '치즈', '파마산', '치즈', '버터']"
395,감자햄버거,"['감자', '쇠고기', '계란', '빵가루', '밀가루', '식용유', '레몬즙']"
396,계란토스트,"['식빵', '계란', '양파', '당근', '실파', '파마산치즈', '슬라이스치즈']"
397,레이즌랩샌드위치,"['닭가슴살', '올리브오일', '커리파우더', '소금', '후춧가루', '또띠아', '사과', '샐러드채소']"
398,미니식빵튀김,"['식빵', '햄', '오이피클', '기름', '양파']"
399,미니햄버거,"['모닝빵', '쇠고기', '돼지고기', '양파', '샐러리', '계란노른자', '빵가루', '밀가루', '소금', '베이컨', '피클', '토마토', '양파', '파프리카']"
400,바게트샌드위치,"['바게트', '토마토', '양파', '상추', '비타민잎', '치즈', '쇠고기']"
401,베이글치킨샌드위치,"['닭안심', '베이글', '크림치즈', '양상추']"
402,새우튀김햄버거,"['햄버거빵', '새우', '토마토', '양상추', '슬라이스치즈', '계란', '밀가루', '빵가루']"
403,스크램블드딸기샌드위치,"['식빵', '계란', '딸기', '버터', '식용유']"
404,연어오픈샌드위치,"['바게트', '훈제연어', '상추', '체리알', '사워크림']"
405,참치버거,"['참치', '감자', '양파', '빵가루']"
406,치킨랩샌드위치,"['밀가루', '소금', '우유', '토마토', '닭고기', '치즈', '적치커리', '비타민잎', '양파', '식용유']"
407,크로아상샌드위치,"['미니크로아상', '치커리', '슬라이스치즈', '슬라이스햄', '피클']"
408,클럽샌드위치,"['식빵', '양상추', '닭', '베이컨', '토마토']"
409,타코샌드위치,"['밀가루', '식용유', '물', '토마토', '마늘', '양파', '홍고추', '닭고기', '식용유', '치즈', '베이컨', '양상추']"
410,터널바게트,"['바게트', '감자', '햄', '양파', '옥수수콘']"
411,프랜치토스트샌드위치,"['식빵', '버터', '햄', '치즈', '피클', '맛살', '계란']"
412,핫도그샌드위치,"['핫도그빵', '프랑크소시지', '양상추', '양파', '오이피클']"
413,핫샌드위치,"['크로와상', '흰살생선', '양상추', '가지', '토마토', '양송이버섯', '다진딜', '올리브오일']"
414,핫샌드위치,"['보리빵', '흰살생선', '양상추', '가지', '토마토', '식용유', '흰후춧가루']"
415,햄치즈롤샌드위치,"['식빵', '햄', '슬라이스치즈']"
416,디저트피자,"['강력분', '박력분', '올리브오일', '드라이이스트', '물', '바나나', '다진초콜릿', '플레인요구르트', '설탕', '코코아']"
417,미니피자,"['밀가루', '이스트', '설탕', '소금', '우유', '물', '버터', '식용유', '식용유', '올리브', '피망', '양파', '모짜렐라치즈']"
418,컴비네이션피자,"['밀가루', '식용유', '소시지', '햄', '양송이', '올리브', '피망', '피자치즈', '양파', '샐러리', '토마토']"
419,토스트피자,"['식빵', '피망', '옥수수', '햄', '양송이', '피자치즈', '버터', '식용유']"
420,덴마크식오믈렛,"['계란', '우유', '모짜렐라치즈', '방울토마토']"
421,두부오믈렛,"['계란', '두부', '청피망', '당근', '우유', '홍피망']"
422,레이즌버섯소테스테이크,"['쇠고기', '건포도', '생표고버섯', '양송이버섯', '느타리버섯', '팽이버섯', '베이컨', '올리브오일', '소금', '파슬리가루']"
423,모듬채소볶음,"['완두콩', '옥수수', '당근', '감자', '껍질콩', '식용유']"
424,바비큐폭찹,"['돼지고기', '밀가루', '식용유', '버터', '양파', '샐러리']"
425,베이비콘채소볶음,"['베이비콘', '청피망', '홍피망', '양파', '마늘', '버터', '청경채']"
426,비프스트로가노프,"['쇠고기', '식용유', '양파', '양송이', '버터', '밀가루', '파프리카', '스톡', '밥', '브로콜리']"
427,소시지채소케첩볶음,"['소시지', '양파', '양송이버섯', '피망', '당근', '식용유']"
428,아스파라거스새우볶음,"['아스파라거스', '새우', '샐러리']"
429,와인소스미트볼,"['다진쇠고기', '다진돼지고기', '소금', '다진마늘', '계란', '밀가루', '식용유', '후춧가루']"
430,퓨전찹스테이크,"['육수', '피망', '양송이', '양파', '통마늘', '쇠고기', '밀가루', '쇠고기']"
