식당,wallet_size
미장플라쎄,mid
이관우파스타,small
디트로이트피지스,small
피크닉마나올라나,small
키노키친,small
탑클라우드23,big
브런치가,mid
최고당돈까스(상암점),small
501파스타,small
애프터모닝,small
온샐러드&포케마포구청역점,small
비닐하우스공덕점,small
까르보네(마포성산점),small
그리너(연남점),mid
kitchen485,mid
감성카츠,small
감성타코(홍대점),big
광야,mid
까사라티나,small
덩크트레이,small
돈카츠준,small
드렁큰비건,small
루나씨엘로,big
마루돈까스,mid
멕시코다이너,mid
명동왕돈까스직영점,small
몰토베네합정,mid
묘한식탁,small
바삭마차(망원시장점),mid
벨라또띠아,small
붉은낙타,small
브라운돈까스상암MBC몰,mid
블루쿠치나,small
비볼리,small
비스트로에버,small
빌리더다이닝,big
빠네돌체,small
소나무연남,small
소코아,mid
수엠부,small
스푼필라프홍대점,small
스프링비스트로,mid
슬로우야드바비큐,small
아르고보니,small
앨리스바이미니멜츠,small
에트나퓨,small
엘리스리틀이태리,mid
연남동와이탑,mid
엽전식당연남점,small
오이도,small
요나끼,small
우애돈카츠연남점,small
이오카츠공덕점,mid
이응이응이응이응,mid
인더썬,small
쥬벤쿠바연남점,mid
지알로파스타바,small
진돈,small
치킨앤카레군,big
코코가츠,small
크레이지카츠,big
테이커테이블,mid
토모토카레,mid
토파,small
포트앤나달,small
헤키,mid
흑심,small
