Word,Score
인절미,0.4
탕용 세절육,0.25
콩고물인절미,0.25
인절미스티커,0.25
찌개용 세절육,0.2222222222222222
탕수육용 세절육,0.2222222222222222
불고기용 세절육,0.2
장조림용 세절육,0.2
찰떡인절미토스트,0.2
인삼,0.2
절편,0.2
냉동단호박인절미,0.2
육회/잡채용 세절육,0.18181818181818182
볶음용다진 세절육,0.18181818181818182
세절육,0.16666666666666666
로메인,0.16666666666666666
세절햄,0.16666666666666666
파절이,0.16666666666666666
인삼차,0.16666666666666666
무절임,0.16666666666666666
화인쿨,0.16666666666666666
짜장카레용/볶음용 세절육,0.14285714285714285
파인애플,0.14285714285714285
야채절임,0.14285714285714285
양파절임,0.14285714285714285
궁채절임,0.14285714285714285
연어절단,0.14285714285714285
절편종합,0.14285714285714285
앙금절편,0.14285714285714285
절임배추,0.14285714285714285
레인보우,0.14285714285714285
무채절임,0.14285714285714285
세절계육,0.14285714285714285
인삼우유,0.14285714285714285
플레인죽,0.14285714285714285
절단옥수수,0.14285714285714285
파인원액,0.14285714285714285
돈로인립(냉동 유럽산),0.14285714285714285
참치로인,0.14285714285714285
파인비트,0.14285714285714285
절단닭정육,0.125
파절이삼겹,0.125
파인소프트,0.125
봉인스티커,0.125
파인한자몽,0.125
겉절이양념,0.125
녹용액성인용,0.125
파인애플캔,0.125
절임양배추,0.125
초석잠절임,0.125
양념무절임,0.125
플레인치즈,0.125
양파절임양념,0.125
당근채절임,0.125
인스턴트이스트,0.125
건파인애플,0.125
배추겉절이,0.125
파절이양념,0.125
샤인머스캣,0.125
겉절이김치,0.125
명절선물세트,0.1111111111111111
초절임마늘쫑,0.1111111111111111
초절임오이지,0.1111111111111111
냉동파인애플,0.1111111111111111
플레인탄산수,0.1111111111111111
파인애플주스,0.1111111111111111
샤인머스캣주스,0.1111111111111111
초절임고추지,0.1111111111111111
냉동절단옥수수,0.1111111111111111
초절임알마늘,0.1111111111111111
명이나물절임,0.1111111111111111
디카페인라떼,0.1111111111111111
파인애플양념,0.1111111111111111
디카페인원두,0.1111111111111111
파인애플원액,0.1111111111111111
오이지초절임,0.1111111111111111
탄산수플레인,0.1111111111111111
채썰기 계육,0.1111111111111111
플레인모닝롤,0.1111111111111111
파인애플셔벗,0.1111111111111111
뜸들인전복죽,0.1111111111111111
레인보우슈가,0.1111111111111111
뜸들인삼삼계죽,0.1111111111111111
냉동절단낙지,0.1111111111111111
도인쇄테이프,0.1111111111111111
깍둑썰기 계육,0.1
그라인더청소솔,0.1
파인애플스무디,0.1
샤인머스켓베이스,0.1
냉동절단고구마,0.1
미니파인애플캔,0.1
플레인모닝두부,0.1
파인애플드레싱,0.1
파인애플샤벳트,0.1
파인애플샤베트,0.1
파절이냉동삼겹,0.1
플레인치아바타,0.1
폴리인산나트륨,0.1
리갈브라인믹스,0.1
메타인산나트륨,0.1
뜸들인쇠고기죽,0.1
생생김밥우엉절임,0.1
상큼팡팡파인양념,0.1
들기름깻잎절임,0.1
썬고추간장절임,0.1
파히타메인양념,0.1
냉동절단주꾸미,0.1
멀티그레인믹스,0.1
닭볶음탕용 계육,0.09090909090909091
인스턴트원두커피,0.09090909090909091
디카페인아메리카노,0.09090909090909091
메론샤인선물세트,0.09090909090909091
샤인머스캣한모금,0.09090909090909091
레인보우큐브치즈,0.09090909090909091
프로라인팝콘치킨,0.09090909090909091
피클홀그레인양념,0.09090909090909091
레인보우스프링클,0.09090909090909091
비건커피디카페인,0.09090909090909091
디카페인콜드브루,0.09090909090909091
콜드브루디카페인,0.09090909090909091
홀그레인머스타드,0.09090909090909091
파인요거트드레싱,0.09090909090909091
찜/보쌈/수육용세절육,0.08333333333333333
돈전지(냉동 미),0.08333333333333333
넌파일렌스레인보우,0.08333333333333333
쌀레인보우떡케이크,0.08333333333333333
돈목살(냉동 미),0.08333333333333333
샤인머스캣선물세트,0.08333333333333333
매운청양맛조절분말,0.08333333333333333
떡볶이농도조절분말,0.08333333333333333
플레인크림치즈양념,0.08333333333333333
홀그레인발사믹드레싱,0.08333333333333333
병아리콩그레인보울,0.08333333333333333
할라피뇨그레인보울,0.08333333333333333
파인애플샐러드양념,0.08333333333333333
홀그레인머스타드양념,0.07692307692307693
돈목전지(냉동 미),0.07692307692307693
파인애플요거트드레싱,0.07692307692307693
레드와인스테이크양념,0.07692307692307693
착즙파인애플포도주스,0.07692307692307693
돈삼겹(냉동 유럽산),0.07142857142857142
홀그레인머스타드마요드레싱,0.07142857142857142
돈목살(냉동 남미산),0.07142857142857142
우육(냉동정육 호주산),0.07142857142857142
돈목살(냉동 유럽산),0.07142857142857142
돈정육기타(냉동 미),0.07142857142857142
엔초비필렛인올리브오일,0.07142857142857142
우육(기타 냉장정육 미),0.07142857142857142
우육(기타 냉동정육 미),0.07142857142857142
우육(냉동부산물 호주산),0.06666666666666667
우육(위/소장 호주산),0.06666666666666667
우육(냉동정육 캐나다산),0.06666666666666667
청포도샤인머스캣베이스농축액,0.0625
우육(냉동정육 뉴질랜드산),0.0625
돈정육기타(냉동 유럽산),0.0625
우육(냉동부산물 뉴질랜드산),0.058823529411764705
우육(등심/안심/채끝 호주산),0.058823529411764705
우육(TYSON 냉장정육 미),0.058823529411764705
우육(TYSON 냉동정육 미),0.058823529411764705
돈정육기타(냉동 캐나다산),0.058823529411764705
돈정육기타(냉장 캐나다산),0.058823529411764705
우육(JBS 냉동부산물 미),0.058823529411764705
우육(CARGILL 냉동정육 미),0.05555555555555555
우육(CARGILL 냉장정육 미),0.05555555555555555
우육(CARGILL 냉동부산물 미),0.05
우육(TYSON 등심/안심/채끝 미),0.05
우육(CARGILL 등심/안심/채끝 미),0.047619047619047616
배추,0.0
무,0.0
사무용품,0.0
양배추,0.0
건표고버섯,0.0
알타리무,0.0
깐도라지,0.0
데친유채나물,0.0
산상추줄기,0.0
고구마줄기,0.0
건곤드레,0.0
건궁채나물,0.0
건고사리,0.0
건취나물,0.0
평창한끼곤드레,0.0
평창한끼시래기,0.0
건시래기,0.0
염장연근,0.0
고사리,0.0
깐연근채,0.0
깐도라지채,0.0
우엉채,0.0
데친얼갈이배추,0.0
건고구마순,0.0
데친취나물,0.0
건무말랭이,0.0
삶은고구마줄기,0.0
건무청시래기,0.0
삶은시래기,0.0
데친고사리,0.0
건토란대,0.0
데친우거지,0.0
데친방풍나물,0.0
삶은죽순,0.0
데친근대,0.0
데친토란대,0.0
데친참나물,0.0
데친깻잎,0.0
깐우엉,0.0
피더덕,0.0
배추시래기,0.0
고구마순,0.0
통우엉,0.0
더덕실채,0.0
삶은토란대,0.0
통연근,0.0
무말랭이,0.0
연근,0.0
당근,0.0
알토란,0.0
깐연근,0.0
통도라지,0.0
깐찹도라지채,0.0
깐우엉채,0.0
느타리버섯,0.0
데친아욱,0.0
데친열무,0.0
데친건줄기상추,0.0
데친생고구마순,0.0
아욱,0.0
건유채나물,0.0
깻잎,0.0
열무,0.0
근대,0.0
참나물,0.0
삶은죽순채,0.0
데친뽕잎나물,0.0
데친삼잎나물,0.0
데친고비,0.0
데친무청시래기,0.0
얼갈이배추,0.0
배추우거지,0.0
건가지,0.0
건박고지,0.0
건고추잎,0.0
건호박고지,0.0
건고구마줄기,0.0
차이브,0.0
둥굴레,0.0
통계피,0.0
황기,0.0
브로컬리,0.0
산양산삼첩비법재료,0.0
오가피,0.0
삼계탕재료세트,0.0
깐더덕,0.0
깐더덕채,0.0
삼계탕재료세트티백형,0.0
장마,0.0
산마,0.0
감초,0.0
당귀,0.0
천궁,0.0
둥글레,0.0
셀러리,0.0
양상추,0.0
뽕나무가지,0.0
구기자,0.0
표고버섯,0.0
농산물꾸러미,0.0
이자트릭스,0.0
미니코스,0.0
프릴아이스,0.0
건녹각,0.0
건당귀,0.0
엄나무,0.0
한방재료,0.0
건둥굴레,0.0
더덕,0.0
버터헤드레터스,0.0
카이피라,0.0
버거세트,0.0
연자,0.0
건오미자,0.0
파슬리,0.0
적채,0.0
컬리플라워,0.0
알비트,0.0
콜라비,0.0
목이버섯,0.0
새송이버섯,0.0
황금송이버섯,0.0
버섯,0.0
팽이버섯,0.0
백만송이버섯,0.0
혼합버섯,0.0
황금팽이버섯,0.0
능이버섯,0.0
송이버섯,0.0
양송이버섯,0.0
고구마,0.0
꽈리고추,0.0
기오이,0.0
청고추,0.0
가지,0.0
흰콩,0.0
레드미,0.0
귀리,0.0
발아오곡,0.0
현미,0.0
백미,0.0
옐로미,0.0
흑미,0.0
현미찹쌀,0.0
칠분도미,0.0
찹쌀,0.0
노각,0.0
건호박,0.0
옥수수,0.0
애호박,0.0
호박,0.0
단호박,0.0
오분도미,0.0
원료잡곡,0.0
율무,0.0
완두콩,0.0
수수,0.0
칼슘찹쌀,0.0
메밀쌀,0.0
렌틸콩,0.0
울타리콩,0.0
화이트퀴노아,0.0
햄프씨드,0.0
병아리콩,0.0
생알땅콩,0.0
쥐눈이콩,0.0
팝콘옥수수,0.0
혼합곡,0.0
벌거,0.0
현미패키지,0.0
통밀쌀,0.0
이집트콩,0.0
할맥,0.0
서리태,0.0
깨,0.0
녹두,0.0
기장,0.0
유아교구/용품,0.0
검정콩,0.0
약콩,0.0
보리,0.0
백태,0.0
토마토미,0.0
홍국가바찹쌀,0.0
발아흑미,0.0
찰현미,0.0
차조,0.0
강낭콩,0.0
쌀,0.0
찰보리쌀,0.0
발아찹쌀현미,0.0
찰흑미,0.0
적두,0.0
발아현미,0.0
찰보리,0.0
강황찹쌀,0.0
색미,0.0
발아오색미,0.0
발아찰현미,0.0
친환경쌀,0.0
찰수수,0.0
클로렐라찹쌀,0.0
팥,0.0
감자,0.0
홍고추,0.0
피망,0.0
청양고추,0.0
청오이,0.0
파프리카,0.0
비타민,0.0
루꼴라,0.0
베이비채소,0.0
흙당근,0.0
라디치오,0.0
깐감자,0.0
깐마늘,0.0
양파,0.0
새싹채소,0.0
깐당근,0.0
시금치,0.0
깐양파,0.0
치커리,0.0
청경채,0.0
쑥갓,0.0
흙무,0.0
청상추,0.0
적상추,0.0
데친건취나물,0.0
데친쑥,0.0
깐통도라지,0.0
도라지채,0.0
우엉,0.0
오이맛고추,0.0
비트,0.0
피감자,0.0
바질,0.0
비트잎,0.0
크레송,0.0
샬롯,0.0
장식꽃,0.0
그린빈스,0.0
식용꽃,0.0
엔다이브,0.0
시소,0.0
래디시,0.0
노란소국,0.0
고수,0.0
알로에,0.0
양난장식꽃,0.0
혼합식용꽃,0.0
식용장미,0.0
셀러리악,0.0
미니양배추,0.0
레드소렐,0.0
프리세,0.0
엽란,0.0
펜넬,0.0
순채소,0.0
청오크립,0.0
노란팬지,0.0
아스파라거스,0.0
혼합파프리카,0.0
오이고추,0.0
초,0.0
대파,0.0
상추,0.0
알배기배추,0.0
깐대파,0.0
부추,0.0
모둠쌈채소,0.0
취청오이,0.0
청피망,0.0
냉이,0.0
실파,0.0
모둠새싹,0.0
미나리,0.0
혼합상추,0.0
풋고추,0.0
밤고구마,0.0
가시오이,0.0
패키지녹색스티커,0.0
메뉴스티커,0.0
스티커,0.0
알루미늄캔스티커,0.0
샌드위치스티커,0.0
토스트와플스티커,0.0
할미뇌물스티커,0.0
페트스티커,0.0
페트라운딩스티커,0.0
전용펌프,0.0
랜덤튀김박스,0.0
패키지갈색스마일스티커,0.0
누텔라스티커,0.0
한복만들기,0.0
말차스티커,0.0
피넛스티커,0.0
크림브륄레스티커,0.0
시나몬스티커,0.0
뽀또스티커,0.0
옥수수스티커,0.0
로투스스티커,0.0
스트로우베리스티커,0.0
코코넛스티커,0.0
고구마스티커,0.0
맥주병용스티커,0.0
치킨박스용스티커,0.0
케이크예약리플릿,0.0
글루텐분해유산균스티커,0.0
대나무스틱,0.0
체다대나무스틱,0.0
따따블대나무스틱,0.0
각대봉투,0.0
세나이트부자재,0.0
더스트백,0.0
라멘뚜껑,0.0
문구스티커,0.0
양념구이설명서,0.0
트레이용지,0.0
와플박스,0.0
고기미니스티커,0.0
곱배기미니스티커,0.0
깜짝선물스티커,0.0
똠얌스티커,0.0
호랑이배즐기기스티커,0.0
분짜고기스티커,0.0
분짜양념스티커,0.0
분짜스티커,0.0
숙주스티커,0.0
미니스티커,0.0
튀김양념스티커,0.0
호랑이로고스티커,0.0
호랑이리뷰스티커,0.0
카톤박스,0.0
종이자석메뉴판,0.0
사각스티커,0.0
한글원형스티커,0.0
종이봉투,0.0
대패삽겹덮밥원형스티커,0.0
국밥스티커,0.0
자석전단지,0.0
청소솔,0.0
정전기청소포,0.0
살균기,0.0
샐러드스티커,0.0
더치커피납작유리병,0.0
밀크티납작유리병,0.0
롤테이프,0.0
캐릭터열쇠고리,0.0
분류스티커,0.0
로고스티커,0.0
리뷰스티커,0.0
케이크픽,0.0
포스트잇,0.0
보냉팩,0.0
맛있게먹는법스티커,0.0
버거케이스,0.0
크라프트베이킹몰드,0.0
블루큐라소시럽펌프,0.0
후루티스무디펌프,0.0
슬리브,0.0
프라이접시,0.0
트레이받침종이,0.0
주방용품,0.0
메뉴팀포스터,0.0
베이스펌프,0.0
유리닦이,0.0
실링머신기,0.0
숯불치킨덮밥원형스티커,0.0
제육덮밥원형스티커,0.0
마포걸레대,0.0
건전지,0.0
테이프클리너,0.0
쓰레기칩,0.0
분무기,0.0
레버화일,0.0
화일박스,0.0
가스점화기,0.0
고무줄,0.0
냅킨케이스,0.0
쓰레기통,0.0
마포걸레,0.0
공자루,0.0
밀마포걸레,0.0
창봉투,0.0
바닥밀대,0.0
디스펜서,0.0
자외선살균등,0.0
소화기,0.0
용지,0.0
샤워타월,0.0
말통,0.0
전기포트,0.0
페퍼민트,0.0
오레가노,0.0
타라곤,0.0
스피아민트,0.0
차빌허브,0.0
차빌,0.0
애플민트,0.0
로즈마리,0.0
딜,0.0
세이지,0.0
타임,0.0
통모짜핫도그대나무스틱,0.0
닭도리덮밥원형스티커,0.0
포스터,0.0
유통기한스티커,0.0
이글루가습기,0.0
샷잔,0.0
몰드트레이,0.0
달력,0.0
안면보호대,0.0
유리병,0.0
포장박스,0.0
홍보물포스터스티커세트,0.0
카운반카,0.0
신메뉴홍보물,0.0
서비스스티커,0.0
양념펌프,0.0
원형스티커,0.0
튀밥박스,0.0
칫솔,0.0
투명로고스티커,0.0
백색스티커,0.0
종이컵,0.0
무소음시계,0.0
탁상거울,0.0
파이어팩,0.0
오징어덮밥원형스티커,0.0
크라프트스티커,0.0
냉티커,0.0
자석메뉴판,0.0
점보걸레청소기,0.0
신형구토스트케이스,0.0
파우치망,0.0
가글디스펜서,0.0
아로마디퓨저,0.0
뒤집개,0.0
운반배식카,0.0
피자패드,0.0
부직포가방,0.0
명랑핫도그홍보물,0.0
미니식빵틀,0.0
원형무스링,0.0
다용도스퀴즈,0.0
카페트매트,0.0
실링포장기계,0.0
디스플레이,0.0
사사노하,0.0
민트잎,0.0
마대자루,0.0
철브러쉬,0.0
브러시,0.0
빗자루,0.0
수수빗자루,0.0
쓰레받이,0.0
발판,0.0
호스,0.0
빨래건조대,0.0
신발소독판,0.0
빨래집게,0.0
보호안경,0.0
커피포트,0.0
점보롤케이스,0.0
시럽펌프,0.0
산가측정페이퍼,0.0
양초,0.0
크린콜펌프,0.0
옷걸이,0.0
골무,0.0
청화일,0.0
초도물품장비,0.0
양념통스티커,0.0
도무송스티커,0.0
원두명함스티커,0.0
원두상세설명스티커,0.0
원두설명스티커,0.0
썬더밀크맨,0.0
윈드블랙맨,0.0
이벤트물품장비,0.0
피로방지매트,0.0
테라타워,0.0
피자삼발이,0.0
식권함,0.0
가스총점화기,0.0
붓,0.0
봉걸레,0.0
라벨지,0.0
삼베보자기,0.0
브러쉬,0.0
냅킨용기,0.0
전자저울,0.0
라이터가스,0.0
페이퍼타올케이스,0.0
랩포장기,0.0
밥솥내피,0.0
타이머,0.0
쓰레기통세트,0.0
뚜러뻥,0.0
제면기,0.0
가스토치,0.0
적겨자잎,0.0
모둠쌈채,0.0
백로즈,0.0
청겨자잎,0.0
케일,0.0
쌈케일,0.0
혼합로즈,0.0
로즈,0.0
청겨자,0.0
쌈셀러리,0.0
레드치커리,0.0
뉴그린,0.0
쌈추,0.0
돈나물,0.0
마늘쫑,0.0
비름나물,0.0
마늘,0.0
생강,0.0
깐쪽파,0.0
쪽파,0.0
흙쪽파,0.0
깐실파,0.0
유채,0.0
방아잎,0.0
홍갓,0.0
청갓,0.0
방풍나물,0.0
호박잎,0.0
세발나물,0.0
당귀잎,0.0
삼채,0.0
봄동,0.0
달래,0.0
동초,0.0
쑥,0.0
풋마늘대,0.0
깨바라,0.0
생우거지,0.0
고춧잎,0.0
공심채,0.0
머위잎,0.0
멀티리프적,0.0
건고추,0.0
취나물,0.0
오징어초무침,0.0
현미곤약밥,0.0
컵밥,0.0
찰보리흑미곤약밥,0.0
뜸김치낙지죽,0.0
녹두닭죽,0.0
단호박죽,0.0
버섯야채죽,0.0
새우계란죽,0.0
소고기죽,0.0
전복죽,0.0
단팥죽,0.0
작은밥,0.0
컵반,0.0
따끈한밥,0.0
저단백밥,0.0
고구마죽,0.0
낙지김치죽,0.0
불고기낙지죽,0.0
뜸야채계란죽,0.0
영양닭죽,0.0
잡곡밥,0.0
발아현미밥,0.0
흑미밥,0.0
뜸전복죽,0.0
뜸쇠고기미역죽,0.0
뜸쇠고기죽,0.0
호박죽,0.0
현미죽,0.0
팥죽,0.0
들깨버섯죽,0.0
즉석밥,0.0
밤단팥죽,0.0
통단팥죽,0.0
큰밥,0.0
누룽지닭백숙죽,0.0
현미로지은밥,0.0
햇반,0.0
작은공기밥,0.0
꿀호박죽,0.0
쇠고기죽,0.0
동지팥죽,0.0
쇠고기미역쌀죽,0.0
견과류죽,0.0
옥수수우유죽,0.0
쇠고기야채죽,0.0
쇠고기버섯영양컵죽,0.0
표고버섯쌀죽,0.0
밤쌀죽,0.0
감자브로컬리쌀죽,0.0
닭고기맛쌀죽,0.0
시금치새우죽,0.0
두부황태죽,0.0
죽,0.0
해물죽,0.0
녹두죽,0.0
호박타락죽,0.0
오트타락죽,0.0
검은깨타락죽,0.0
쌀죽,0.0
육개장,0.0
내장탕,0.0
버섯뚝배기불고기,0.0
뚝배기불고기,0.0
뼈해장국,0.0
소고기들깨탕,0.0
추어탕,0.0
즉석미역국,0.0
즉석간편북어국,0.0
즉석사골우거지국,0.0
즉석삼계탕,0.0
김치찌개,0.0
된장찌개,0.0
옛날설렁탕,0.0
갈비탕,0.0
곰탕,0.0
옛날사골곰탕,0.0
부대찌개,0.0
해물알탕,0.0
콩비지탕,0.0
우거지갈비탕,0.0
설렁탕,0.0
탕육,0.0
닭곰탕,0.0
양평해장국,0.0
콩나물소고기국,0.0
황태곰탕,0.0
사골국,0.0
미역국,0.0
된장국,0.0
사골설렁탕,0.0
도가니탕,0.0
문어짬뽕탕,0.0
사골곰탕,0.0
얼큰알탕,0.0
삼계탕,0.0
우거지해장국,0.0
해물어묵탕,0.0
진갈비탕,0.0
두부김치찌개,0.0
소곱창전골,0.0
진한소머리곰탕,0.0
선지해장국,0.0
홍삼쌀죽,0.0
야채죽,0.0
삼계죽,0.0
전복내장쌀죽,0.0
클로렐라계란죽,0.0
황태죽,0.0
카레,0.0
되비지탕,0.0
소머리곰탕,0.0
해물누룽지탕,0.0
옛날육개장,0.0
짜장,0.0
순한카레,0.0
순한짜장,0.0
쇠고기카레,0.0
약간매운맛카레,0.0
쇠고기짜장,0.0
통곡물밥,0.0
뿌리채소영양밥,0.0
꿀약밥,0.0
버섯영양밥,0.0
곤약밥,0.0
현미귀리곤약밥,0.0
감자샐러드,0.0
고구마크러스트,0.0
고구마무스,0.0
단호박샐러드,0.0
갈릭스파게티샐러드,0.0
메추리알샐러드,0.0
스프,0.0
샐러드,0.0
냉동고구마페이스트,0.0
에그포테이토샐러드,0.0
콘샐러드,0.0
살사후실리샐러드,0.0
스위트맛살샐러드,0.0
참치샐러드,0.0
마카로니샐러드,0.0
분말카레,0.0
볼로네제스파게티샐러드,0.0
에그쉬림프샐러드필링,0.0
감자샐러드무스,0.0
크랜베리치킨샐러드,0.0
단호박샐러드무스,0.0
로즈비샐러드,0.0
맥앤치즈베이컨,0.0
로제치킨샐러드필링,0.0
꾼감자,0.0
고구마페이스트,0.0
맥앤치즈스팸,0.0
야채샐러드필링,0.0
에그마요필링,0.0
고구마토핑,0.0
단호박에그샐러드,0.0
짜먹는에그샐러드,0.0
밀샐러드,0.0
전,0.0
오곡밥,0.0
감,0.0
귤,0.0
잣,0.0
자두,0.0
애플망고,0.0
무화과,0.0
산딸기,0.0
블루베리,0.0
피자,0.0
대보름한줌견과,0.0
어흥부럼종,0.0
부럼혼합,0.0
볶은피땅콩,0.0
피땅콩,0.0
땅콩,0.0
대추,0.0
밤,0.0
은행,0.0
방울토마토,0.0
멜론,0.0
딸기,0.0
소고기무국,0.0
소고기해장국,0.0
한우사골곰탕,0.0
매운갈비찜,0.0
묵은지갈비찜,0.0
김치찜,0.0
콩나물황태해장국,0.0
간장갈비찜,0.0
돼지국밥,0.0
순댓국,0.0
사골우거지국,0.0
닭개장,0.0
소고기우거지국,0.0
한우고기곰탕,0.0
한우갈비탕,0.0
사골소고기미역국,0.0
사골우거지탕,0.0
순사골진액,0.0
국밥진액,0.0
선지우거지해장국,0.0
얼얼이짬뽕탕,0.0
어묵탕모둠,0.0
나주곰탕,0.0
오뎅탕,0.0
백짬뽕탕,0.0
해물짬뽕탕,0.0
서울김치찌개,0.0
고사리해장국,0.0
사골수육국,0.0
소고기양배추국,0.0
들깨소고기미역국,0.0
황태홍합미역국,0.0
얼큰소고기무국,0.0
황태국,0.0
진국설렁탕,0.0
묵은지등뼈찜,0.0
매운등뼈찜,0.0
닭도리탕,0.0
차돌육개장,0.0
미소장국,0.0
나가사끼짬뽕탕,0.0
어묵전골,0.0
모둠어묵탕,0.0
양해장국,0.0
쇠고기무탕,0.0
전복조개탕,0.0
통오징어짬뽕탕,0.0
마늘닭볶음탕,0.0
영양갈비탕,0.0
미역된장국,0.0
홍게된장국,0.0
시금치된장국,0.0
우거지된장국,0.0
짬뽕탕,0.0
우거지뼈해장국,0.0
돼지김치찜,0.0
마라훠궈탕,0.0
부산식돼지국밥세트,0.0
병천식순댓국세트,0.0
감자탕,0.0
돼지고기김치찌개,0.0
차돌된장찌개,0.0
스팸부대찌개,0.0
콩나물황태국,0.0
소고기국,0.0
마라탕,0.0
쌀떡국,0.0
쇠고기우거지국,0.0
소고기미역국,0.0
도가니곰탕,0.0
백짬뽕,0.0
오뎅전골,0.0
김치어묵전골,0.0
굴짬뽕,0.0
오이냉국,0.0
재첩진국,0.0
듬뿍부대찌개,0.0
토종순댓국,0.0
토종순대만순댓국,0.0
로제미트볼,0.0
떡볶이,0.0
비건매운떡볶이,0.0
비건짜장떡볶이,0.0
어묵떡볶이,0.0
비엔나떡볶이,0.0
스파게티,0.0
로제떡볶이,0.0
한끼잡채,0.0
숯불돼지바비큐,0.0
국물떡볶이,0.0
맥앤치즈,0.0
똠양꿍라이스누들,0.0
미트볼로냐스파게티,0.0
매운뼈찜,0.0
짱뚱어탕,0.0
로제파스타,0.0
꼬막비빔무침,0.0
김치토마토파스타,0.0
토마토라구라자냐,0.0
만두그라탕,0.0
토마토파스타,0.0
칠리치즈미트볼파스타,0.0
콰트로콘맥앤치즈,0.0
블랙페퍼폭찹스테이크,0.0
토마토미트볼스튜,0.0
상하이크림파스타,0.0
얼큰토마토해장파스타,0.0
다시다떡볶이,0.0
비건라구파스타,0.0
트리플치즈스크럼블에그,0.0
잡채토핑,0.0
매콤로제떡볶이,0.0
김퓨레치킨라이스,0.0
트러플닭가슴살보리리조또,0.0
알리오올리오파스타,0.0
소시지미트파스타,0.0
베이컨투움바파스타,0.0
주꾸미볶음,0.0
교자칼국수,0.0
탱글탱글가쓰오우동,0.0
황태칼국수,0.0
로제밀떡볶이,0.0
팝콘,0.0
핫도그,0.0
쿠키,0.0
건강기능식품,0.0
의료용식품,0.0
호빵/찐빵,0.0
스낵/과자,0.0
육포,0.0
시,0.0
냉동볶음밥,0.0
누룽지,0.0
체험형밀키트,0.0
밀키트/간편식,0.0
또띠아,0.0
도시락/김밥,0.0
대용량밀키트,0.0
당근채,0.0
다진마늘,0.0
빨강파프리카,0.0
노랑파프리카,0.0
마늘편,0.0
백오이,0.0
삶은당근채,0.0
간생강,0.0
농산가공품,0.0
다진셀러리,0.0
대파다데기,0.0
오이,0.0
깐양배추,0.0
냉동단호박,0.0
냉동옥수수,0.0
냉동다진마늘,0.0
냉동감자,0.0
냉동호박,0.0
냉동곤드레,0.0
냉동청양고추,0.0
냉동표고버섯,0.0
냉동연근,0.0
냉동청피망,0.0
냉동고구마,0.0
냉동우엉채,0.0
냉동애호박,0.0
다진대파,0.0
다진양파,0.0
홍피망,0.0
할라피뇨,0.0
냉동다진생강,0.0
냉동홍피망,0.0
냉동마늘,0.0
냉동당근,0.0
냉동양파,0.0
냉동양배추,0.0
냉동데친감자,0.0
냉동당근채,0.0
냉동양파채,0.0
냉동양배추채,0.0
냉동데친고사리,0.0
냉동청경채,0.0
냉동열무,0.0
냉동삶은감자,0.0
다진생강,0.0
건목이버섯,0.0
고추,0.0
깐생강,0.0
토란대,0.0
홍파프리카,0.0
노란파프리카,0.0
냉동시금치,0.0
냉동마늘쫑,0.0
냉동브로컬리,0.0
냉동아스파라거스,0.0
냉동얼갈이,0.0
냉동냉이,0.0
냉동완두콩,0.0
냉동근대,0.0
냉동미니브로컬리,0.0
냉동미니당근,0.0
냉동그린빈스,0.0
냉동느타리버섯,0.0
냉동유채,0.0
냉동고사리,0.0
냉동아욱,0.0
냉동시래기,0.0
냉동컬리플라워,0.0
냉동배추우거지,0.0
간마늘,0.0
냉동유채순,0.0
냉동공심채,0.0
냉동아티초크,0.0
냉동송이버섯,0.0
냉동미니양배추,0.0
냉동취나물,0.0
냉동무청시래기,0.0
냉동슈퍼스위트콘,0.0
냉동오크라,0.0
냉동건조감자,0.0
냉동렌틸콩,0.0
냉동병아리콩,0.0
냉동알마늘,0.0
냉동올리브,0.0
냉동옥수수알,0.0
냉동능이버섯,0.0
로스트양파,0.0
로스트파프리카,0.0
자숙콩,0.0
냉동알감자,0.0
냉동삶은배추,0.0
레몬그라스,0.0
갈랑가,0.0
냉동민들레,0.0
냉동부추,0.0
냉동목이버섯,0.0
냉동간편시금치,0.0
냉동간편시래기,0.0
냉동편마늘,0.0
냉동애느타리버섯,0.0
냉동월남고추,0.0
당근편,0.0
건당근,0.0
양파페이스트,0.0
파채,0.0
생마늘,0.0
건냉이,0.0
홍고추페이스트,0.0
호박채,0.0
다진홍고추,0.0
양파퓨레,0.0
머스크멜론선물세트,0.0
혼합과일세트,0.0
키위선물세트,0.0
메론홍망고선물세트,0.0
홍망고선물세트,0.0
혼합과일선물세트,0.0
과일선물세트,0.0
버섯선물세트,0.0
쌀선물세트,0.0
반건시,0.0
배선물세트,0.0
혼합선물세트,0.0
메론선물세트,0.0
사과배천혜향혼합세트,0.0
사과배한라봉혼합세트,0.0
사과배혼합세트호,0.0
혼합버섯선물세트,0.0
흑화고선물세트,0.0
백화고선물세트,0.0
천혜향선물세트,0.0
혼합채소,0.0
혼합야채,0.0
믹스샐러드,0.0
더덕세트,0.0
대추야자선물세트,0.0
사과선물세트,0.0
곶감세트,0.0
레드향선물세트,0.0
만감류선물세트,0.0
태국망고선물세트,0.0
냉동혼합채소,0.0
냉동당근슬라이스,0.0
원료현미,0.0
냉동옥수수컷,0.0
냉동홍고추,0.0
냉동유탕고구마,0.0
냉동삶은고구마,0.0
냉동증숙고구마,0.0
냉동고구마큐브,0.0
냉동구운버섯,0.0
냉동구운마늘,0.0
냉동찐바밤단호박,0.0
냉동갈은무,0.0
냉동생강,0.0
냉동늙은호박,0.0
곤드레,0.0
냉동무,0.0
냉동증숙가지,0.0
퓨레양파,0.0
냉동다진양파,0.0
냉동다진청양고추,0.0
냉동볶은양파,0.0
냉동곤드레나물,0.0
다시팩,0.0
혼합채소종,0.0
샐러드믹스,0.0
냉동삼색파프리카,0.0
냉동구운혼합채소종,0.0
레드샐러드믹스,0.0
루꼴라허브가든샐러드,0.0
애호박채,0.0
냉동새송이버섯,0.0
냉동데침곤드레,0.0
포도,0.0
바나나,0.0
레몬,0.0
토마토,0.0
참다래,0.0
참외,0.0
조각과일,0.0
오렌지,0.0
아보카도,0.0
용과,0.0
대추야자,0.0
생블루베리,0.0
생라임,0.0
허니듀메론,0.0
라임,0.0
석류,0.0
사과,0.0
복숭아,0.0
배,0.0
수박,0.0
냉동오디,0.0
냉동키위,0.0
냉동패션후르츠,0.0
냉동리치,0.0
냉동망고스틴,0.0
냉동복분자,0.0
냉동자몽,0.0
냉동딸기,0.0
냉동청포도,0.0
냉동바나나,0.0
냉동라즈베리,0.0
냉동라임,0.0
냉동홍시,0.0
냉동아보카도,0.0
냉동블랙베리,0.0
냉동종혼합과일,0.0
혼합과일,0.0
키위,0.0
냉동람부탄,0.0
냉동크랜베리,0.0
냉동믹스후르츠,0.0
홍시,0.0
리치,0.0
냉동복숭아,0.0
패션후르츠,0.0
냉동과일종혼합,0.0
아이스홍시,0.0
냉동사과,0.0
냉동두리안,0.0
냉동수박,0.0
냉동로스트스테비아방울토마토,0.0
망고다이스,0.0
냉동체리,0.0
냉동적포도,0.0
레드커런트,0.0
냉동자두,0.0
냉동성주참외,0.0
냉동레몬,0.0
냉동트리플베리,0.0
고춧가루,0.0
라즈베리,0.0
냉동타이고추,0.0
냉동깻잎순,0.0
냉동바질,0.0
자연송이,0.0
냉동알토란,0.0
냉동연잎,0.0
냉동에다마메,0.0
냉동망고,0.0
냉동블루베리,0.0
냉동대파,0.0
체리,0.0
자몽,0.0
감귤,0.0
거봉포도,0.0
황도복숭아,0.0
대추방울토마토,0.0
단감,0.0
하우스감귤,0.0
쌀종선물세트,0.0
황금향,0.0
천도복숭아,0.0
일회용기류,0.0
냉동아귀(전처리),0.0
병어,0.0
도미구이,0.0
갈치구이,0.0
소방어필렛,0.0
대방어필렛,0.0
참대구,0.0
적어,0.0
민대구,0.0
대구,0.0
도미,0.0
민어,0.0
방어,0.0
냉동임연수어(전처리),0.0
청어,0.0
냉동삼치(전처리),0.0
가자미,0.0
광어필렛,0.0
돌병어,0.0
우럭,0.0
수입산냉동고등어(전처리),0.0
냉동조기(소분/굴비),0.0
연안산냉동고등어(전처리),0.0
냉동장어(전처리),0.0
냉동가자미(전처리),0.0
냉동갈치(전처리),0.0
냉동조기(원어),0.0
냉동임연수어(원어),0.0
냉동장어(원어),0.0
연안산냉동고등어(원어),0.0
냉동가오리(전처리),0.0
샥스핀채,0.0
양미리,0.0
전어,0.0
샥스핀,0.0
복어살,0.0
냉동삼치(원어),0.0
냉동명태(원어),0.0
냉동명태(코다리),0.0
냉동명태(전처리),0.0
냉동꽁치(전처리),0.0
홍합살,0.0
연안/원양오징어(전처리),0.0
오징어기타,0.0
연안오징어(원어),0.0
대왕오징어(전처리),0.0
꼬막살,0.0
피꼬막살,0.0
피꼬막,0.0
백합조개,0.0
전복소라,0.0
새꼬막살,0.0
냉동굴,0.0
미더덕,0.0
냉동전복,0.0
조개살,0.0
굴,0.0
갯고동,0.0
피조개살,0.0
논우렁살,0.0
다슬기살,0.0
피홍합,0.0
피뿔고둥살,0.0
참소라살,0.0
위소라살,0.0
삐뚤이소라,0.0
갈릭버터백합,0.0
백합,0.0
오만둥이,0.0
골뱅이,0.0
대합조개살,0.0
우렁이,0.0
재첩살,0.0
자숙굴,0.0
알가리비,0.0
반가리비,0.0
가리비,0.0
키조개살,0.0
키조개관자,0.0
원양오징어(원어),0.0
냉동바지락,0.0
냉동블루홍합,0.0
냉동그린홍합,0.0
냉동홍가리비,0.0
홍가리비,0.0
치즈가리비,0.0
해물모둠(프랩),0.0
명란,0.0
대구곤,0.0
알곤이찜,0.0
곤이모둠,0.0
대구곤이,0.0
안키모,0.0
명태곤이,0.0
곤이,0.0
전복내장,0.0
냉동연어(원어),0.0
연어필렛,0.0
생연어필렛,0.0
성게알,0.0
민대구알,0.0
매생이,0.0
동태알,0.0
대구알,0.0
해초샐러드,0.0
해초무침,0.0
냉동멍게,0.0
순살아구,0.0
알탕,0.0
냉동매생이,0.0
아귀위,0.0
해삼,0.0
왕해삼,0.0
루비해삼,0.0
홍해삼채,0.0
연어,0.0
해파리채,0.0
자숙문어,0.0
문어,0.0
멍게살,0.0
해파리발,0.0
피문어,0.0
냉동갑오징어,0.0
한치홀,0.0
한치채,0.0
자숙문어다리,0.0
멍게,0.0
냉동낙지,0.0
냉동주꾸미,0.0
대왕오징어(원어),0.0
훈제연어,0.0
연어뱃살,0.0
연어스테이크,0.0
연어턱살,0.0
조미김/도시락김,0.0
마른김,0.0
건미역,0.0
국물용멸치,0.0
볶음/조림용멸치,0.0
건새우,0.0
쥐포,0.0
건오징어,0.0
건명태,0.0
건다시마,0.0
조미건오징어,0.0
건한치,0.0
냉동생선살,0.0
냉동튀김용새우(노바시),0.0
통새우,0.0
민물새우,0.0
냉동새우살,0.0
딱새우,0.0
생칵테일새우,0.0
생새우,0.0
새우,0.0
블랙타이거초밥새우,0.0
블랙타이거쉬림프링,0.0
냉동생선순살,0.0
냉동가오리(원어),0.0
냉동꽁치(원어),0.0
냉동갈치(원어),0.0
냉동가자미(원어),0.0
랍스터테일,0.0
냉동꽃게,0.0
홍게살,0.0
스노우크랩,0.0
대게섹션,0.0
랍스터,0.0
자숙홍게,0.0
랍스터집게살,0.0
소프트쉘크랩,0.0
베이비크랩집게,0.0
베이비크랩,0.0
게다리살,0.0
다진붉은대게살큐브,0.0
홍게혼합살,0.0
홍게다리살,0.0
냉동자숙새우살,0.0
냉동자숙통새우,0.0
냉동초밥용새우,0.0
민물보리새우,0.0
홍새우,0.0
홍합,0.0
소등심시즈닝스테이크,0.0
사치살,0.0
돈목살,0.0
소안심스테이크,0.0
소채끝스테이크,0.0
부채살스테이크,0.0
소살치스테이크,0.0
소채끝시즈닝스테이크,0.0
부채살시즈닝스테이크,0.0
소살치시즈닝스테이크,0.0
소등심스테이크,0.0
소안심시즈닝스테이크,0.0
우삼겹양지,0.0
우토시살,0.0
소부채살스테이크,0.0
소척아이롤스테이크,0.0
부채살,0.0
소갈비,0.0
척아이롤,0.0
살치살,0.0
채끝,0.0
삼겹살,0.0
돈삼겹,0.0
소삼겹양지,0.0
안심,0.0
부경식품,0.0
소알목심,0.0
소부채살,0.0
우부채살,0.0
우빽립,0.0
우갈비살,0.0
소척아이롤구이,0.0
소살치살구이,0.0
소부채살구이,0.0
제육정식세트,0.0
양념구이세트,0.0
돈목전지,0.0
돈등심,0.0
소살치살스테이크,0.0
우삼겹,0.0
대전구이,0.0
양어깨샤브,0.0
소삼겹,0.0
우차돌양지,0.0
소차돌박이,0.0
소홍두깨,0.0
돈갈비,0.0
소차돌양지,0.0
소안심,0.0
소등심,0.0
소목심,0.0
이츠웰,0.0
조광식품,0.0
소우둔살,0.0
소LA갈비,0.0
돈뒷다리살,0.0
냉동늑간,0.0
우육차돌,0.0
늑간살,0.0
차돌양지,0.0
삼겹양지롤,0.0
알목심슬라이스,0.0
양념구이,0.0
우삼겹구이,0.0
돈대패삼겹살,0.0
소우둔,0.0
소양지,0.0
돈항정살,0.0
소고기척아이롤,0.0
우부채살큐브,0.0
돈삼겹살,0.0
목살스테이크,0.0
대패삼겹살,0.0
소삼겹살,0.0
대패삼겹,0.0
갈비,0.0
큐브스테이크,0.0
우차돌박이,0.0
양갈비,0.0
양숄더랙,0.0
양갈비살,0.0
양프렌치랙,0.0
양어깨살,0.0
삼겹양지,0.0
우홍두깨,0.0
소갈비살구이,0.0
토시살스테이크,0.0
소척아이롤,0.0
양갈비세트,0.0
항정살,0.0
참푸드팜,0.0
문막후계자,0.0
듀록삼겹살,0.0
돈목심,0.0
돈앞다리,0.0
돈미박삼겹,0.0
육우등심,0.0
돈안심,0.0
한우앞다리,0.0
이베리코돈목살,0.0
우부채살큐브용,0.0
하이미트피앤비,0.0
대단한양념구이,0.0
한우정육,0.0
돈지방,0.0
소숏립,0.0
한우지방,0.0
한우다짐육,0.0
삼겹양지L,0.0
삼겹양지M,0.0
양갈비세트2,0.0
양갈비세트1,0.0
양념구이세트B,0.0
돈후지,0.0
돈육모돈,0.0
돈정육기타,0.0
돈베이컨,0.0
돈전지,0.0
소앞다리,0.0
소설도,0.0
소채끝,0.0
한우잡육,0.0
한우토시살,0.0
한우제비추리,0.0
한우치마살,0.0
한우업진,0.0
한우티본,0.0
한우차돌박이,0.0
한우우둔,0.0
축산선물세트,0.0
소사태,0.0
소볼살,0.0
양념육,0.0
수입우부채살,0.0
우삼겹돌돌양지,0.0
양고기,0.0
한우잡뼈,0.0
한우꼬리반골,0.0
한우사골,0.0
한우도가니,0.0
한우스지,0.0
우지방,0.0
한우대창,0.0
돈사태,0.0
깐메추리알,0.0
정직한훈제란,0.0
깐계란,0.0
메추리알,0.0
송화단,0.0
구운계란,0.0
계란후라이,0.0
삶은대란,0.0
믹스너츠,0.0
액란(소단량),0.0
액란(생산용),0.0
계란말이,0.0
반숙란,0.0
스크램블에그,0.0
반숙계란,0.0
모시조개,0.0
피바지락,0.0
꼬막,0.0
중합,0.0
키조개,0.0
훈제란,0.0
수란,0.0
계란찜,0.0
화산석구운유정란,0.0
본계란말이,0.0
계란,0.0
구운란,0.0
버섯야채계란말이,0.0
야채계란말이,0.0
반숙계란후라이,0.0
동죽,0.0
동물복지유정란,0.0
대란,0.0
유정란,0.0
토종유정란,0.0
아빠란,0.0
프레시란,0.0
중란,0.0
닭가슴살,0.0
특란,0.0
등급계란,0.0
재첩,0.0
틸라피아,0.0
초골뱅이,0.0
초갑오징어,0.0
초한치,0.0
틸라피아뱃살양념구이,0.0
학꽁치채,0.0
초문어,0.0
수산선물세트,0.0
붉은새우,0.0
피뿔고동,0.0
초백미새우,0.0
초민물장어,0.0
꽁치,0.0
초단새우풍,0.0
보리멸,0.0
백미새우,0.0
장어,0.0
광어,0.0
참복어,0.0
생대구,0.0
고등어,0.0
미꾸라지,0.0
농어,0.0
전갱이,0.0
곰치,0.0
도다리,0.0
도미필렛,0.0
날치알,0.0
초조미가리비,0.0
냉동참치,0.0
청어알,0.0
초보리멸,0.0
초팡가시우스,0.0
초농어,0.0
초북방조개,0.0
초적미새우,0.0
초장어,0.0
초새우,0.0
스시,0.0
초아마애비,0.0
초틸라피아,0.0
초청미새우,0.0
초연어,0.0
우럭필렛,0.0
밀치필렛,0.0
생굴,0.0
바지락,0.0
염장꼬시래기,0.0
염장미역줄기,0.0
염장쇠미역,0.0
염장톳,0.0
미역줄기,0.0
염장다시마,0.0
다시마,0.0
톳,0.0
감태,0.0
전복,0.0
대합살,0.0
대합,0.0
염장미역,0.0
물파래,0.0
톳나물,0.0
새우살,0.0
만득이,0.0
도다리필렛,0.0
염장다시마채,0.0
모자반,0.0
건세모가사리,0.0
물미역,0.0
다진새우살,0.0
단새우,0.0
생물낙지,0.0
노란해파리,0.0
돌문어,0.0
오징어,0.0
활낙지,0.0
주꾸미,0.0
닭고기원물,0.0
돈뒷다리,0.0
돈장족,0.0
오돌뼈,0.0
돈단족,0.0
돈앞다리살,0.0
돼지잡육,0.0
돈잡육,0.0
돈항정,0.0
갈매기살,0.0
돈가브리살,0.0
돈등뼈,0.0
돈미니족,0.0
오리정육,0.0
닭안심,0.0
통닭,0.0
닭/오리원물,0.0
삼겹보쌈팩,0.0
목심보쌈팩,0.0
삼겹목심보쌈팩,0.0
돈마호크,0.0
돈등갈비,0.0
돈삼겹목심항정등심덧살,0.0
돈항정등심덧살갈매기살,0.0
돈등심덧살,0.0
돈삼겹목심항정살,0.0
돈목심팩,0.0
돈갈매기살,0.0
돼지전지,0.0
돼지후지,0.0
육우차돌박이,0.0
한우채끝,0.0
육우안심,0.0
한우등심,0.0
흑돼지돈삼겹,0.0
흑돼지돈앞다리,0.0
한우부채살,0.0
뼈삼겹,0.0
한우설도,0.0
한우안심,0.0
돈피,0.0
키즈용,0.0
닭다리,0.0
닭날개,0.0
삼계닭,0.0
닭뼈,0.0
닭발,0.0
무뼈닭발,0.0
통닭발,0.0
닭껍질,0.0
닭근위,0.0
닭염통꼬치,0.0
통뼈닭발,0.0
무뼈국물닭발,0.0
국물닭발,0.0
일회용품기타,0.0
플라스틱컵,0.0
고무장갑,0.0
소독제/세정제기타,0.0
수세미/행주,0.0
부탄가스/기타연료,0.0
식기기세제,0.0
세제기타,0.0
비식품선물세트,0.0
세탁세제,0.0
락스,0.0
주방세제,0.0
위생백/지퍼백,0.0
위생장갑,0.0
호일,0.0
랩,0.0
조리도구,0.0
주방식기,0.0
포장재기타,0.0
피복류기타,0.0
멸치다시마국물팩,0.0
구운감태,0.0
맛살채,0.0
부각,0.0
진한맛멸치국물팩,0.0
깔끔한맛디포리국물팩,0.0
아귀채,0.0
꽃게해물국물팩,0.0
명엽채,0.0
모둠안주,0.0
모둠포,0.0
건홍합,0.0
해물멸치다시팩,0.0
건꼴뚜기,0.0
조미바다맛나포스틱,0.0
명태껍질튀각,0.0
밥새우,0.0
통족가문어다리,0.0
구운아귀포,0.0
아귀포,0.0
건해삼채,0.0
대구줄노가리,0.0
멸치해물다시팩,0.0
건풀치,0.0
건청각,0.0
조미꼬리아귀포,0.0
가문어통족,0.0
북어,0.0
건파래,0.0
뱅어포,0.0
한천,0.0
조미아귀채,0.0
오족,0.0
조미아귀포,0.0
쥐어채,0.0
건해초모둠,0.0
건옥돔,0.0
건톳,0.0
대구채,0.0
건해삼,0.0
건모자반,0.0
파래자반,0.0
한천분말,0.0
루비건해삼,0.0
건한천,0.0
제지류기타,0.0
화장지,0.0
키친타올,0.0
비닐봉투,0.0
페이퍼타올,0.0
물티슈,0.0
냅킨,0.0
스트레치필름,0.0
테이프,0.0
원료/포장재,0.0
어묵,0.0
맛살,0.0
찌개용두부,0.0
얇은두부면,0.0
올방개묵,0.0
검은깨묵,0.0
메밀묵,0.0
녹두묵,0.0
청포묵,0.0
클로렐라동부묵,0.0
우무묵,0.0
콩판두부,0.0
넓은두부면,0.0
담백쌈두부,0.0
판두부,0.0
팩두부,0.0
포장두부,0.0
두부,0.0
건두부,0.0
포두부,0.0
콩비지,0.0
콩두부,0.0
서리태흑두부,0.0
콩얇은면두부,0.0
푸주,0.0
부침용두부,0.0
순두부,0.0
모두부,0.0
도토리묵,0.0
참치,0.0
참치캔,0.0
올리브통참치,0.0
부죽,0.0
콩큰두부,0.0
동부묵,0.0
유부,0.0
연두부,0.0
떠먹는요거트,0.0
요거트,0.0
오곡라떼,0.0
딸기우유,0.0
바나나우유,0.0
카페라떼,0.0
커피우유,0.0
코코아우유,0.0
검은콩우유,0.0
스노블아이스믹스,0.0
딸기맛우유,0.0
스트로베리우유,0.0
쿠키앤크림우유,0.0
더단백밸런스,0.0
더단백밸런스로우슈거,0.0
우유얌초코,0.0
콩두유,0.0
얼려먹는야쿠르트,0.0
짜먹는요거트,0.0
요거트파우더,0.0
짜먹는요구르트,0.0
요거트파우더세트,0.0
흰우유,0.0
요거레또파우더,0.0
요거요거트파우더,0.0
우유속에딸기,0.0
곤약,0.0
오므라이스지단,0.0
오믈렛,0.0
계란지단,0.0
계란구이,0.0
야채맛계란구이,0.0
비건콩불구이,0.0
비건간장진미조림,0.0
비건민스,0.0
쌀콩단백,0.0
콩나물,0.0
숙주나물,0.0
진한콩국물,0.0
콩고기,0.0
콩단백,0.0
콩국물,0.0
우유속에코코아,0.0
김밥속구이,0.0
초코우유,0.0
단지우유,0.0
쥐눈이콩나물,0.0
내추럴플랜검은콩,0.0
귀리우유,0.0
흑임자우유,0.0
곡물우유,0.0
생초콜릿우유,0.0
우유,0.0
애플망고우유,0.0
현미우유,0.0
메로나우유,0.0
바나나맛우유,0.0
요구르트,0.0
미숫가루우유,0.0
모카우유,0.0
바나나킥우유,0.0
숙주,0.0
고추참치캔,0.0
들깨가루,0.0
검정깨,0.0
미숫가루,0.0
호밀가루,0.0
쌀가루,0.0
찹쌀가루,0.0
현미가루,0.0
볶음참깨,0.0
메밀가루,0.0
도토리묵가루,0.0
귀리가루,0.0
콩고물,0.0
엿기름,0.0
볶음콩가루,0.0
볶음흑깨,0.0
콩가루,0.0
볶음현미,0.0
콩국물가루,0.0
밀가루,0.0
옥수수가루,0.0
참깨가루,0.0
볶음들깨,0.0
숭늉가루,0.0
녹두가루,0.0
흑임자가루,0.0
메주가루,0.0
깨가루,0.0
깨죽가루,0.0
볶음흑임자,0.0
옥수수전분,0.0
빵가루,0.0
맛죽가루,0.0
파스타,0.0
컵라면,0.0
함흥냉면가루,0.0
고구마전분,0.0
콩국가루,0.0
보리가루,0.0
빈대떡가루,0.0
감자전분,0.0
등면분,0.0
볶음들깨가루,0.0
볶음검정깨,0.0
밸런스밀,0.0
오트밀,0.0
크리스피오트,0.0
매쉬드포테이토,0.0
누룽지가루,0.0
감자전믹스,0.0
호박죽분말,0.0
감자떡가루,0.0
시금치가루,0.0
함흥전분,0.0
비트가루,0.0
콩고물파우더,0.0
흑삼분말,0.0
오트밀분말,0.0
쥐눈이콩볶음,0.0
부침가루,0.0
죽순캔,0.0
완두콩캔,0.0
베이키드빈스,0.0
블랙올리브캔,0.0
블랙올리브,0.0
올리브,0.0
벨라디체리뇰라,0.0
키드니빈,0.0
칙피스,0.0
빈즈토마토양념,0.0
베이키드빈,0.0
화이트빈,0.0
볼로티빈,0.0
토마토퓨레,0.0
토마토페이스트,0.0
토마토홀,0.0
대두단백,0.0
키드니빈스,0.0
버터빈스,0.0
렌틸스,0.0
포크앤빈스,0.0
블랙빈스,0.0
표고버섯캔,0.0
황도캔,0.0
후르츠컵,0.0
스위트콘,0.0
양송이캔,0.0
기쿠라게,0.0
냉동로스트버섯,0.0
백도캔,0.0
크림콘,0.0
홀커널스위트콘,0.0
노랑옥수수,0.0
옥수수캔,0.0
스위트크림콘,0.0
달콤한옥수수,0.0
스위트콘튀김,0.0
칠리양념,0.0
화이트스파게티양념,0.0
토마토양념,0.0
꽁치캔,0.0
고등어캔,0.0
번데기캔,0.0
번데기,0.0
얼큰한번데기탕,0.0
엔쵸비캔,0.0
달팽이캔,0.0
앤쵸비필렛,0.0
가니미소,0.0
골뱅이캔,0.0
서해에서잡은골뱅이,0.0
오징어먹물,0.0
레드미트스파게티양념,0.0
야채참치캔,0.0
보따르가,0.0
아브루가,0.0
게딱지장,0.0
시메사바,0.0
엔쵸비,0.0
토마토찹,0.0
썬드라이토마토,0.0
반건조토마토,0.0
스파게티토마토비프양념,0.0
스파게티미트양념,0.0
다이스드토마토,0.0
피자양념,0.0
크러쉬드토마토,0.0
순살왕꼬막,0.0
토마토비프스파게티양념,0.0
프론토토마토다이스,0.0
토마틸로,0.0
스파게티양념,0.0
새콤토마토양념,0.0
후르츠칵테일,0.0
자연산골뱅이,0.0
마리네이드토마토,0.0
파스타양념,0.0
토마토베이스,0.0
호두과자믹스,0.0
핫케익믹스,0.0
치킨파우더,0.0
배터믹스,0.0
베타믹스,0.0
식빵믹스,0.0
깨찰빵믹스,0.0
브라우니믹스,0.0
초코칩쿠키믹스,0.0
브레딩믹스,0.0
순살치킨파우더,0.0
바닐라케익믹스,0.0
프리믹스파우더,0.0
변성전분,0.0
잉글리시머핀,0.0
와플믹스,0.0
스위트도우,0.0
오꼬노미믹스,0.0
머핀믹스,0.0
초코핫케익분말,0.0
수제비가루,0.0
크라프트브레드,0.0
팝콘믹스,0.0
웨이브프리믹스,0.0
물결무늬파우더,0.0
커스터드크림믹스,0.0
메쉬드포테이토,0.0
프리믹스,0.0
스트링도우믹스,0.0
붕어빵믹스,0.0
바이올렛믹스,0.0
믹스,0.0
블스콘파우더,0.0
파운드믹스,0.0
마롱깜파뉴믹스,0.0
녹차파우더,0.0
크스콘파우더,0.0
달콘믹스,0.0
크런치믹스,0.0
전용믹스,0.0
쿠킷,0.0
다크초코파우더,0.0
옛날호떡믹스,0.0
핫도그가루,0.0
또아식빵전용믹스,0.0
커스타드믹스,0.0
이스트도너스가루,0.0
물반죽파우더,0.0
탕수육가루,0.0
베터믹스,0.0
치킨전용믹스,0.0
브래딩믹스,0.0
튀김프리믹스,0.0
돈까스베터믹스,0.0
호떡믹스,0.0
블랙트러플,0.0
튀김가루,0.0
도넛가루,0.0
도넛덧가루,0.0
메쉬드포테이토분말,0.0
핫케익가루,0.0
녹차맛찹쌀호떡믹스,0.0
찹쌀호떡믹스,0.0
돈까스배터믹스,0.0
와플파이믹스,0.0
타피오카펄,0.0
오꼬노미파우더,0.0
녹두빈대떡가루,0.0
전분배터믹스,0.0
물결파우더,0.0
크라프트콘믹스,0.0
향취고추,0.0
양파후레이크,0.0
영콘,0.0
당침밤,0.0
옥수수크런치,0.0
밤다이스,0.0
튀긴마늘,0.0
튀긴양파,0.0
하모니콘,0.0
밀감캔,0.0
만다린오렌지캔,0.0
초고버섯캔,0.0
물밤,0.0
보늬밤,0.0
밤캔,0.0
페퍼,0.0
마늘후레이크,0.0
튀긴마늘슬라이스,0.0
치킨배터믹스,0.0
초고버섯,0.0
바질페스토,0.0
크로플파우더,0.0
초코케익믹스,0.0
파우더,0.0
아세틸아디핀산이전분,0.0
돈가스용파우더,0.0
초코츄러스맛호떡믹스,0.0
비가루,0.0
초코핫케이크가루,0.0
핫케이크가루,0.0
도나스믹스,0.0
아사리파우더,0.0
오늘도파우더,0.0
쌀핫도그가루,0.0
모던치킨파우더믹스,0.0
아티초크하트,0.0
족발파우더,0.0
찹쌀미니도나스믹스,0.0
포크커틀넷배터,0.0
후라이드파우더,0.0
짬뽕양념,0.0
초코칩핫케익믹스,0.0
팬케익믹스,0.0
델리돈까스배터믹스,0.0
오징어배터믹스,0.0
치킨브래더,0.0
오꼬노미분말,0.0
망고,0.0
리치캔,0.0
깐포도캔,0.0
사과다이스,0.0
나타데코코,0.0
썸머블랙트러플,0.0
발사믹양파,0.0
사우어크라우트,0.0
튀김베터믹스,0.0
김쉐프베타믹스,0.0
모카프리믹스,0.0
오징어베터믹스,0.0
강정파우다,0.0
초코프리믹스,0.0
통밀프리믹스,0.0
팬케이크믹스,0.0
후라이드치킨가루,0.0
떡볶이배터믹스,0.0
피자믹스,0.0
치킨플레이버스톡,0.0
떡볶이분말양념,0.0
짜파라면분말,0.0
계란탕용분말,0.0
탕분말가루,0.0
다시노모도,0.0
중화맛미,0.0
비건국물맛내기,0.0
클렘베이스,0.0
매카라분말,0.0
매운분말가루,0.0
차슈파우더,0.0
식초,0.0
오뎅다시분말,0.0
스파이시파우더,0.0
모아미,0.0
혼다시,0.0
사골분말,0.0
떡볶이분말,0.0
크림떡볶이분말,0.0
새우가루,0.0
해산물가루,0.0
한우맛내기가루,0.0
표고해물멸치가루,0.0
조미료,0.0
우사골분말,0.0
사골엑기스분말,0.0
미원,0.0
우마미,0.0
캡사이신분말,0.0
푸르미,0.0
아지노미,0.0
잔치국수분말,0.0
치킨맛부용,0.0
분말사골스프,0.0
토마토나폴리베이스,0.0
닭고기농축부용,0.0
미풍,0.0
바이오핵산,0.0
아이미,0.0
화이트양념파우더,0.0
소고기맛시다,0.0
양념가루,0.0
비벼밥가루,0.0
짜장떡볶이분말,0.0
매운떡볶이분말,0.0
로제파우더,0.0
진사골분말,0.0
전용파우더,0.0
요리,0.0
쌀국수스톡,0.0
아마레치킨스톡,0.0
마늘분말,0.0
멸치분말,0.0
생강분말,0.0
수염새우분말,0.0
양파분말,0.0
표고버섯분말,0.0
나시고랭분말,0.0
치킨플레어버스톡파우더,0.0
중화미원,0.0
비프플레이버스톡,0.0
향미유,0.0
베이킹소다,0.0
식소다,0.0
신화당,0.0
연육제,0.0
제빵계량제,0.0
사카린,0.0
초록색소분말,0.0
바닐라빈,0.0
프리파레이션,0.0
면강화제,0.0
에스,0.0
판젤라틴,0.0
젤라틴분말,0.0
트리플엑셀,0.0
베이킹파우더,0.0
초분말,0.0
폴리펜톡스,0.0
키위향,0.0
싸이덱스,0.0
도우블랜드,0.0
스크린도우믹스,0.0
구연산,0.0
에프리코트혼당,0.0
커피엑기스,0.0
식용색소,0.0
색소,0.0
이스트,0.0
바닐라프로,0.0
타마린드검,0.0
마리네이드,0.0
카라멜색소,0.0
오징어먹물색소,0.0
내츄럴색소분말,0.0
그라젤,0.0
세미드라이이스트,0.0
코납,0.0
이산화티타늄,0.0
바닐라향,0.0
글리신,0.0
베타카로틴에멀젼,0.0
잔탄검,0.0
올레오레진튜메릭,0.0
염지제,0.0
스모크후레바,0.0
바닐라에센스,0.0
몰트엑기스분말,0.0
망고레진,0.0
프레즐소다,0.0
크라프트,0.0
바나나레진,0.0
목초액,0.0
면쿡,0.0
파프리카올레오레진,0.0
데코젤미로와,0.0
분홍색소분말,0.0
면파워,0.0
생이스트,0.0
드라이이스트,0.0
망고레진시럽,0.0
커피플레이버엑기스,0.0
비프베이스,0.0
젤라틴,0.0
제빵개량제,0.0
스파이시립마리네이드,0.0
본다시다,0.0
다시다,0.0
감치미,0.0
맛나,0.0
하나가쓰오부시,0.0
이도가쓰오부시,0.0
가쓰오부시,0.0
육수용티백,0.0
밥꾸러기해물,0.0
후리가케,0.0
해물가쓰오다시팩,0.0
표고멸치다시팩,0.0
깎은가다랑어,0.0
가쓰오아쯔케즈리,0.0
버섯감치미,0.0
조개다시다,0.0
구시다,0.0
산들애,0.0
케즈리부시,0.0
가쯔곤미,0.0
가쓰오후리가케,0.0
밥이랑치즈,0.0
밥이랑해물,0.0
밥이랑야채,0.0
노리후리가케,0.0
가쓰오후리가께,0.0
가쓰오다시,0.0
이찌방하나가쓰오부시,0.0
표고가루,0.0
사바부시,0.0
저어키시즈닝,0.0
밥이랑김자반,0.0
돈골분말,0.0
오꼬노미하나가쓰오,0.0
치카이트,0.0
향신미,0.0
노리가쓰오후리가케,0.0
진한육수내기,0.0
밥이랑실속,0.0
멸치가루,0.0
발사믹식초,0.0
맛도우미,0.0
조미사골분말,0.0
시치미,0.0
화이트루,0.0
치킨부용베이스,0.0
소가루,0.0
닭가루,0.0
데미그레이스분말,0.0
자연재료산들애,0.0
건더기스프,0.0
우동별미고명,0.0
라면스프,0.0
쇠고기라면스프,0.0
모둠스프,0.0
별미튀김,0.0
진한라면스프,0.0
미소라면스프,0.0
달코미,0.0
포스트바이오틱스,0.0
시럽,0.0
설탕,0.0
올리고당,0.0
겨자,0.0
꽃소금,0.0
까나리액젓,0.0
멸치액젓,0.0
덧장명품액젓,0.0
참치액,0.0
진멸치액젓,0.0
조미멸치액젓,0.0
조미까나리액젓,0.0
꿀,0.0
포도당,0.0
슈가파우더,0.0
정제포도당,0.0
결정포도당,0.0
뉴슈가,0.0
참치액진,0.0
참치액젓,0.0
치킨스톡,0.0
미향,0.0
미작,0.0
매향,0.0
농축치킨스톡,0.0
육수,0.0
맛술,0.0
미림,0.0
연두,0.0
도우,0.0
숙성연육제,0.0
혼당,0.0
생바닐라빈,0.0
정육첨가제,0.0
핫앤드스파이시마리네이드,0.0
드라이혼당,0.0
액상조미료초록,0.0
참치액순,0.0
물엿,0.0
슈가코트,0.0
마스코바도,0.0
쌀조청,0.0
아카시아청,0.0
잡화청,0.0
뉴슈가분말,0.0
크리미비트가루,0.0
고과당,0.0
캐러멜시럽,0.0
캐러멜양념,0.0
크리미비트,0.0
데코슈가,0.0
비정제원당,0.0
데코화이트,0.0
슬라이스치즈,0.0
고르곤졸라치즈,0.0
스트링치즈,0.0
까망베르치즈,0.0
치즈스틱,0.0
롤치즈,0.0
베이커리롤치즈,0.0
에멘탈치즈,0.0
끌레베르치즈,0.0
짜먹는까망베르치즈,0.0
황치즈분말,0.0
치즈,0.0
고구마치즈스틱,0.0
퐁듀양념,0.0
참스트링치즈,0.0
라이스찰치즈스틱,0.0
마카로니치즈볼,0.0
화이트치즈볼,0.0
크림치즈볼,0.0
모짜크림치즈찰볼,0.0
쌀로만든임실치즈볼,0.0
몬테레이잭다이스치즈,0.0
모짜렐라치즈볼,0.0
델리치즈볼,0.0
라이스찰치즈볼,0.0
고다치즈,0.0
치즈볼,0.0
이모치즈스틱,0.0
뉴치즈스틱,0.0
치즈파우더,0.0
롱치즈스틱,0.0
에멘탈퐁듀치즈양념,0.0
핫도그치즈,0.0
블럭치즈,0.0
고구마치즈,0.0
파마산치즈,0.0
모짜렐라치즈,0.0
파마산치즈블렌드,0.0
과일치즈,0.0
파마산블렌드,0.0
그라나파다노치즈,0.0
브리치즈,0.0
리코타치즈,0.0
크림치즈,0.0
그뤼에르치즈,0.0
아시아고치즈,0.0
스모크치즈,0.0
피칸테초리조치즈,0.0
믹스포션치즈,0.0
에담치즈,0.0
미몰레뜨치즈,0.0
버섯치즈,0.0
대니시블루치즈,0.0
화이트페타치즈,0.0
네츄럴치즈,0.0
프리토크림치즈볼,0.0
구워먹는치즈,0.0
소보로튀김치즈볼,0.0
스위트치즈파우더,0.0
황치즈가루,0.0
델리크림치즈볼,0.0
체다치즈퐁듀,0.0
찰치즈볼,0.0
찰고구마볼,0.0
나쵸치즈양념,0.0
모짜렐라가득찹쌀치즈볼,0.0
말캉말캉치즈볼,0.0
체다치즈스틱,0.0
포테이토치즈볼,0.0
찹쌀연유치즈볼,0.0
바삭치즈스틱,0.0
클래식치즈스틱,0.0
모짜렐라치즈펄,0.0
더블치즈볼,0.0
포테이토치즈스틱,0.0
까요까요치즈,0.0
허니리코타치즈볼,0.0
찹쌀크림치즈볼,0.0
링스스트링치즈,0.0
피자치즈볼,0.0
비건치즈슬라이스,0.0
옥수수콘치즈볼,0.0
모찌리도후,0.0
밀크모짜렐라치즈볼,0.0
찹쌀치즈볼,0.0
고구마치즈볼,0.0
뉴체다모짜스틱,0.0
콘치즈볼,0.0
목트링치즈,0.0
모짜렐라구슬치즈,0.0
팝핑치즈,0.0
프로틴스트링치즈,0.0
엔젤스노우믹스,0.0
모짜렐라치즈스틱,0.0
더치즈볼,0.0
크림치즈스틱,0.0
버터,0.0
크림,0.0
분유,0.0
연유,0.0
들기름,0.0
대두유,0.0
마가린,0.0
옥수수유,0.0
올리브유,0.0
쇼트닝,0.0
해바라기유,0.0
바질오일,0.0
오일,0.0
현미유,0.0
참기름,0.0
카놀라유,0.0
팝콘오일,0.0
부라티나,0.0
하먼자연치즈,0.0
파마산블랜드파우더,0.0
브라운치즈,0.0
엔젤헤어모짜치즈,0.0
엔젤헤어체다치즈,0.0
부라타치즈,0.0
부라티네,0.0
허니리코타치즈,0.0
모짜렐라,0.0
블루치즈크럼블,0.0
에담미니치즈,0.0
파르마지아노레지아노치즈,0.0
피자치즈,0.0
콜비잭치즈,0.0
페코리노로마노치즈,0.0
파르미지아노레지아노포션,0.0
엔젤헤어치즈,0.0
페타치즈,0.0
틸지터치즈,0.0
프로볼로네돌체치즈,0.0
스카모짜렐라치즈,0.0
파르마지아노레지아노,0.0
팝슬라이스치즈,0.0
브리오블루치즈,0.0
파르미지아노레지아노포션치즈,0.0
파르미지아노레지아노치즈,0.0
아페리프레,0.0
파르미지아노레지아노,0.0
스카모짜치즈,0.0
피오르디라테,0.0
프로볼로네치즈,0.0
포션치즈,0.0
고추맛기름,0.0
라드,0.0
파기름,0.0
마늘생강기름,0.0
화조유,0.0
대파기름,0.0
마늘기름,0.0
아보카도오일,0.0
바삭요리유,0.0
튀김전용유,0.0
에스후라잉오일,0.0
갈릭버터오일,0.0
포도씨유,0.0
머스타드후레바오일,0.0
간장돼지불고기,0.0
소머리,0.0
찜닭,0.0
곰탕용소고기,0.0
난자완스,0.0
사천식류산슬,0.0
명태회무침,0.0
피클,0.0
고추장돼지불고기,0.0
소불고기,0.0
생더덕무침,0.0
불맛나는주꾸미볶음,0.0
미역줄기볶음,0.0
데리야키고등어구이,0.0
데리야키삼치구이,0.0
고등어구이,0.0
삼치구이,0.0
코다리조림,0.0
민물장어구이,0.0
꼬들무명태회무침,0.0
어묵볶음,0.0
명태초무침,0.0
오징어젓갈,0.0
새우젓,0.0
참오징어젓,0.0
낙지젓,0.0
창란젓,0.0
명란젓,0.0
갈치속젓,0.0
비빔낙지젓,0.0
비빔오징어젓,0.0
오징어젓,0.0
꼴뚜기젓,0.0
백명란젓,0.0
양념낙지젓,0.0
무말랭이오징어젓,0.0
새우젓양념,0.0
갈치쌈장젓,0.0
참새우젓,0.0
요리명란젓,0.0
구이용명란,0.0
양념오징어젓,0.0
씨앗젓갈,0.0
낙지젓갈,0.0
비벼먹는오징어젓갈,0.0
한성새우젓,0.0
해양심층수새우젓,0.0
무말랭이무침,0.0
돈까스,0.0
콩겉바속촉두부까스,0.0
두부까스,0.0
하트문어커틀렛,0.0
쏙바삭볼카츠,0.0
볼카츠,0.0
꼬마새우까스,0.0
케이퍼,0.0
홀스레디쉬,0.0
핫칠리페퍼,0.0
옐로우칠리페퍼스,0.0
케이퍼베리,0.0
홀스래디쉬,0.0
케이퍼홀스레디쉬양념,0.0
홀스래디쉬양념,0.0
소보로바삭카츠,0.0
멘치까스,0.0
비건치즈커틀렛,0.0
비건감자치즈까스,0.0
비건너겟,0.0
멘츠까스,0.0
비건후라이드,0.0
프라잉베지볼,0.0
두부카츠,0.0
오새까스,0.0
비건후라이드치킨,0.0
감자카츠,0.0
비건까스,0.0
어니언할라피뇨,0.0
파래해물까스,0.0
해물까스,0.0
명태회젓갈,0.0
간장깻잎,0.0
고추지,0.0
된장깻잎,0.0
모둠야채지,0.0
산고추,0.0
치킨무,0.0
양념고추지,0.0
양념마늘쫑,0.0
고들빼기,0.0
타코와사비,0.0
양념깻잎지,0.0
무피클,0.0
청양고추조림,0.0
김치볶음,0.0
계란장조림,0.0
소고기장조림,0.0
간장쥐어채볶음,0.0
땅콩조림,0.0
진미채무침,0.0
오이지,0.0
시바스케,0.0
마늘지,0.0
하나쯔보즈케,0.0
타카나,0.0
무짠지,0.0
간장고추지,0.0
명이나물,0.0
알마늘,0.0
간장마늘쫑,0.0
양념깻잎,0.0
오이무장아찌,0.0
하루타카나,0.0
후쿠진스케,0.0
매실고추장무침,0.0
간장깻잎지,0.0
깐마늘지,0.0
오복지,0.0
양념깻잎지무침,0.0
된장깻잎지,0.0
간장마늘쫑지,0.0
매실장아찌,0.0
무짠지채,0.0
불맛고추장볶음,0.0
명엽채고추장볶음,0.0
양념깻잎무침,0.0
건새우볶음,0.0
명엽채볶음,0.0
표고버섯볶음,0.0
세멸치볶음,0.0
근대된장조림,0.0
새송이들깨볶음,0.0
총알새송이볶음,0.0
검은콩자반,0.0
강낭콩조림,0.0
마늘쫑무침,0.0
김밥우엉,0.0
메추리알닭가슴살장조림,0.0
메추리알장조림,0.0
돼지갈비찜,0.0
돼지고기장조림,0.0
깻잎무침,0.0
콩조림,0.0
고추장제육볶음,0.0
쥐눈이콩조림,0.0
연근조림,0.0
유니짜장덮밥양념,0.0
연잎콩카레덮밥양념,0.0
불고기계란덮밥양념,0.0
우엉조림,0.0
오이지무침,0.0
고추지무침,0.0
장조림,0.0
콩자반,0.0
우엉채조림,0.0
견과류멸치볶음,0.0
고들빼기무침,0.0
견과류새우볶음,0.0
쇠고기장조림,0.0
고추장멸치조림,0.0
멸치견과볶음,0.0
오징어채무침,0.0
황태채무침,0.0
직화향간장제육,0.0
직화향고추장제육,0.0
고기한상,0.0
튼튼한상,0.0
우메보시,0.0
새우장,0.0
오복채,0.0
냉면김치,0.0
고추간장장아찌,0.0
곰취장아찌,0.0
눈개승마장아찌,0.0
무장아찌,0.0
명이장아찌,0.0
알마늘장아찌,0.0
연근쌈,0.0
장아찌,0.0
야채피클,0.0
오이피클,0.0
간장마늘,0.0
냉면무김치,0.0
매실간장깻잎,0.0
마늘쫑지,0.0
하늘초고추지,0.0
궁채,0.0
멸치젓,0.0
토화젓,0.0
조개젓,0.0
무비트피클,0.0
양념고추무침,0.0
비타장아치,0.0
통오이지,0.0
염장두릅,0.0
간장고추,0.0
봉지무,0.0
냉면용무채,0.0
꼬들오이지무침,0.0
백초생강채,0.0
야마구라게,0.0
썬고추지,0.0
무오이장아찌,0.0
청양고추지,0.0
각무,0.0
통마늘지,0.0
통무장아찌,0.0
청양간장고추,0.0
양파사색지,0.0
오복지장아찌,0.0
통무장아치,0.0
회오리감자,0.0
냉동스팀고구마,0.0
코브콘,0.0
냉동컷팅감자,0.0
스위트포테이토,0.0
고구마스틱,0.0
유탕고구마,0.0
냉동통고구마,0.0
참고구마스틱,0.0
데이터잼,0.0
블랙퍼스트큐브냉동감자,0.0
통감자,0.0
달콤고구마,0.0
테이터잼맛감자,0.0
케이준냉동감자,0.0
양념모둠감자,0.0
감자튀김,0.0
생선까스,0.0
치킨까스,0.0
오징어까스,0.0
유탕고구마스틱,0.0
맛탕,0.0
통군고구마,0.0
냉동모둠감자,0.0
새우튀김,0.0
수입오징어튀김,0.0
토네이도감자,0.0
오징어튀김,0.0
양념감자,0.0
스윗포테이토프라이,0.0
바삭감자튀김,0.0
케이준프라이,0.0
미니하트감자,0.0
고구마튀김,0.0
칼슘옥수수맛탕,0.0
모둠튀김,0.0
탱글탱글새우까스,0.0
새우고로케,0.0
오곡깐쇼새우,0.0
깐쇼새우,0.0
통살새우까스,0.0
통살새우패티,0.0
통살새우링까스,0.0
냉동통살새우패티,0.0
통살듬뿍새우까스,0.0
새우까스,0.0
코코넛흰다리새우까스,0.0
감자말이새우,0.0
빵가루새우링,0.0
코코넛새우까스,0.0
통살새우볼,0.0
통새우가라아게,0.0
새우크런치,0.0
빵가루새우패티,0.0
새우프리터,0.0
새우맛까스,0.0
빵가루새우볼,0.0
통살새우꼬치,0.0
왕새우까스,0.0
팝콘새우,0.0
후라이드새우링,0.0
새우롤네트,0.0
새우볼,0.0
왕새우튀김,0.0
맛김치,0.0
나박김치,0.0
깍두기김치,0.0
석박지,0.0
열무김치,0.0
백김치,0.0
선물세트,0.0
한뿌리선물세트,0.0
홍삼진스틱,0.0
헬씨키트,0.0
토실이표고세트,0.0
닭갈비,0.0
간장닭볶음,0.0
탄두리치킨,0.0
토마토치킨스튜,0.0
돈육김치볶음,0.0
돈육김치찜,0.0
중화풍돈육볶음,0.0
바베큐폭찹,0.0
유채나물,0.0
시래기나물,0.0
얼갈이나물,0.0
열무나물,0.0
고사리나물볶음,0.0
멸치고추장볶음,0.0
마늘쫑볶음,0.0
양념코다리,0.0
돈육장조림,0.0
볼어묵메추리알조림,0.0
알감자조림,0.0
북어채고추장조림,0.0
순두부베이스,0.0
미트스파게티양념,0.0
카레베이스,0.0
강된장베이스,0.0
가자미구이,0.0
오징어굴양념볶음,0.0
매운찜갈비,0.0
오삼불고기,0.0
쭈삼불고기,0.0
간장양념코다리,0.0
양념고등어,0.0
오징어볶음,0.0
양념삼치,0.0
양념갈치,0.0
김치,0.0
파김치,0.0
갓김치,0.0
오이소박이,0.0
묵은지,0.0
동치미,0.0
볶음김치,0.0
김치속,0.0
보쌈김치,0.0
찜용김치,0.0
총각김치,0.0
깍두기,0.0
쪽파김치,0.0
포기김치,0.0
깻잎김치,0.0
묵은지김치,0.0
별미김치,0.0
만두선물세트,0.0
해표특선호,0.0
양념소,0.0
무생채,0.0
무김치,0.0
무말랭이김치,0.0
오이김치,0.0
락교,0.0
짜차이,0.0
초생강,0.0
규리즈케,0.0
해울초생강,0.0
단무지,0.0
초생강채,0.0
짜차이무침,0.0
백초생강,0.0
쌈무,0.0
적초생강,0.0
채초생강,0.0
유부우엉조림,0.0
철판주꾸미,0.0
간장연근조림,0.0
양념우엉,0.0
영양콩,0.0
치자연근조림,0.0
된장고추,0.0
혼합콩조림,0.0
멸치조림,0.0
고추잎무침,0.0
멸치아몬드조림,0.0
모둠콩조림,0.0
파래무침,0.0
멸치볶음,0.0
매콤멸치볶음,0.0
아몬드멸치볶음,0.0
땡초볶음,0.0
오징어채볶음,0.0
흑대콩자반,0.0
고추무침,0.0
양념마늘쫑무침,0.0
양념가오리무침,0.0
깻잎조림,0.0
엄마쇠고기장조림,0.0
엄마메추리알장조림,0.0
엄마고추장고기볶음,0.0
마늘쫑깐마늘무침,0.0
된장고추지,0.0
명엽채간장조림,0.0
엄마돼지고기장조림,0.0
엄마멸치볶음,0.0
엄마콩자반,0.0
떡국떡,0.0
새알떡,0.0
찹쌀새알떡,0.0
기차떡,0.0
떡볶이떡,0.0
소떡,0.0
떡속에비엔나소세지,0.0
소떡소떡,0.0
쌀옹심이,0.0
삼색감자옹심이,0.0
감자옹심이,0.0
미니쫀득볼,0.0
로스트치즈떡,0.0
쑥떡,0.0
떡볶이용밀떡,0.0
당고떡,0.0
곤드레감자옹심이,0.0
동해기정떡,0.0
감자떡,0.0
고구마떡,0.0
찹쌀새알,0.0
치즈떡,0.0
해물모양떡,0.0
단호박떡,0.0
떡꼬치,0.0
쿠킹클래스떡,0.0
치즈소떡소떡,0.0
밀떡,0.0
쫄면(냉장/냉동),0.0
우동면(냉장/냉동),0.0
가래떡,0.0
모둠꼬치소떡,0.0
손만두,0.0
치즈쏙옹심이,0.0
비엔나소떡소떡,0.0
모찌떡,0.0
비엔나소떡,0.0
전투소떡소떡,0.0
냉면(냉장/냉동),0.0
생면(냉장/냉동),0.0
왕만두,0.0
봉지라면,0.0
사리면,0.0
당면,0.0
메밀국수,0.0
쌀국수,0.0
월남쌈,0.0
양장피채,0.0
타이난도삭면,0.0
옥수수면,0.0
분모자,0.0
넙적분모자,0.0
유데야끼소바면,0.0
감자납작면,0.0
생라면,0.0
쌀면,0.0
양장피,0.0
에그누들,0.0
찹쌀떡,0.0
삼색경단떡,0.0
방울증편,0.0
흰꿀떡,0.0
쑥꿀떡,0.0
흰바람떡,0.0
멥쌀쑥바람떡,0.0
고구마경단,0.0
코코아경단,0.0
삼색송편,0.0
팥시루떡,0.0
호박설기,0.0
약식,0.0
쑥말이떡,0.0
쑥개떡,0.0
백설기,0.0
두텁떡,0.0
쑥경단떡,0.0
흰송편,0.0
찰고구마떡,0.0
호박찰떡,0.0
딸기랑떡,0.0
초코랑떡,0.0
치즈랑떡,0.0
호박이랑떡,0.0
호박랑떡,0.0
말이떡,0.0
사각증편,0.0
바람떡,0.0
콩편,0.0
정선수리취떡,0.0
오메기,0.0
밀떡볶이떡,0.0
정선수리취송편,0.0
아이스경단,0.0
둥실찹쌀떡,0.0
냉동단호박찰떡샌드,0.0
냉동맛찹쌀떡,0.0
냉동쑥찰떡,0.0
쑥찹쌀떡,0.0
쑥바람떡,0.0
무지개설기,0.0
송편,0.0
꿀떡,0.0
모둠찰떡,0.0
분홍꿀떡,0.0
시루떡,0.0
약밥,0.0
영광모시송편,0.0
국수,0.0
조랭이떡,0.0
팥빙수떡,0.0
영광모싯잎찹쌀떡,0.0
영광모싯잎흑임자떡,0.0
꿀설기,0.0
은행꼬치,0.0
돼지목살꼬치,0.0
통삼겹살꼬치,0.0
빵가루새우너겟꼬치,0.0
빵가루씨푸드꼬치,0.0
염통꼬치,0.0
치즈떡삼겹꼬치,0.0
너비아니,0.0
돼지막창마늘꼬치,0.0
등심치즈말이,0.0
양꼬치,0.0
닭껍질튀김,0.0
멘보샤,0.0
게맛살튀김,0.0
바삭김말이,0.0
야채튀김,0.0
새우볼꼬치,0.0
난꼬츠꼬치,0.0
쯔쿠네꼬치,0.0
삼겹팽이꼬치,0.0
알감자꼬치,0.0
오징어꼬치,0.0
코코넛새우꼬치,0.0
베이컨새우말이,0.0
모짜감자,0.0
떡갈비,0.0
미니게튀김,0.0
롱오징어튀김,0.0
프레시바이트어니언링,0.0
냉동찰김말이튀김,0.0
크리스피어니언,0.0
고추튀김,0.0
꼿잎튀김,0.0
반쪽고추전튀김,0.0
김말이튀김,0.0
꼬마리,0.0
어니언링,0.0
더롱김말이,0.0
매콤롱김말이튀김,0.0
민츠가스,0.0
천미방두부튀김,0.0
야채김말이튀김,0.0
모짜렐라치즈튀김,0.0
통통김말이튀김,0.0
아귀가라아게,0.0
가지튀김,0.0
야채두부스틱,0.0
우유튀김,0.0
꼬마김말이튀김,0.0
굴튀김,0.0
잡채튀김,0.0
부추김말이튀김,0.0
숨굴튀김,0.0
바삭닭껍질튀김,0.0
통감자쿠시카츠,0.0
표고완자쿠시카츠,0.0
모짜렐라치즈쿠시카츠,0.0
통통고구마튀김,0.0
매콤통김말이튀김,0.0
모음김말이,0.0
통김말이튀김,0.0
연두부튀김,0.0
통새우가득멘보샤,0.0
크리스피프라이드어니언,0.0
베이비콘쿠시카츠,0.0
지마구쿠시카츠,0.0
새우네트쿠시카츠,0.0
피쉬볼쿠시카츠,0.0
시샤모쿠시카츠,0.0
돈목살쿠시카츠,0.0
키다리김말이,0.0
찰김말이튀김,0.0
콘푸레이크게살튀김,0.0
프라이드어니언,0.0
통통김말이,0.0
동글동글모짜렐라아란치니,0.0
산적,0.0
미트볼,0.0
해물땡,0.0
동그랑땡,0.0
고기구이,0.0
해물동그랑땡,0.0
쏙동그랑땡,0.0
두부완자,0.0
해물완자,0.0
잡채해물완자,0.0
도톰동그랑땡,0.0
야채듬뿍해물완자,0.0
고기말이,0.0
새우동그랑땡,0.0
해물경단,0.0
오징어동그랑땡,0.0
아게다시도후,0.0
크로켓,0.0
탕수육,0.0
깐풍기,0.0
치킨탕수육,0.0
꿔바로우,0.0
찹쌀탕수육,0.0
단호박탕수육,0.0
오곡탕수육,0.0
쫀득꿔바로우,0.0
등심찹쌀꿔바로우,0.0
목화솜탕수육,0.0
비건탕수육,0.0
프라임등심찹쌀탕수육,0.0
등심꿔바로우,0.0
순살탕수육,0.0
쌀크런치등심탕수육,0.0
찹쌀등심탕수육,0.0
바삭사천탕수육,0.0
라이스찰고구마볼,0.0
떡강정,0.0
파래연근튀김,0.0
입고추튀김,0.0
두부덴푸라,0.0
꼬마김말이,0.0
매콤참김말이,0.0
브래디드어니언링,0.0
매콤김말이튀김,0.0
바삭김말이튀김,0.0
통통야채튀김,0.0
팝콘피쉬볼,0.0
연근가라아게,0.0
명란마요튀김,0.0
텐까스티비,0.0
단호박튀김,0.0
통통고추튀김,0.0
김부각,0.0
연근부각,0.0
다시마부각,0.0
고추부각,0.0
고구마부각,0.0
딤섬김말이튀김,0.0
매콤순살치킨크런치,0.0
통김말이,0.0
당면김말이,0.0
대왕김말이튀김,0.0
버터플라이새우튀김,0.0
밀크볼,0.0
에비카츠,0.0
땡글치즈감자볼,0.0
삼각멘보샤,0.0
두부스틱,0.0
참치깻잎튀김,0.0
피쉬너겟,0.0
시소노미구라게,0.0
잡채말이,0.0
고추잡채김말이,0.0
가리비그라탕,0.0
바삭통김말이,0.0
튀김,0.0
양파링튀김,0.0
방울순대튀김,0.0
집게다리,0.0
옥수수볼,0.0
통통꼬마김말이,0.0
연근커틀릿,0.0
닭안심깐풍기,0.0
스마트탕수육,0.0
중화정통치킨꿔바로우,0.0
클로렐라김말이튀김,0.0
불고기김말이튀김,0.0
꽃게롤,0.0
부추잡채김말이,0.0
집게맛살,0.0
순대튀김,0.0
고추전튀김,0.0
고추튀각,0.0
생선두부튀김,0.0
당면이가득찬김말이,0.0
타코가라아게,0.0
냉동잡채튀김,0.0
통통매콤바삭고추튀김,0.0
표고버섯튀김,0.0
엄지당면김말이튀김,0.0
깻잎튀김,0.0
스페셜모둠튀김,0.0
야채춘권,0.0
새우하가우,0.0
오리엔탈해물샤오,0.0
벚꽃빵,0.0
삼색꽃빵,0.0
애플파이,0.0
해물짜조,0.0
짜조,0.0
자만두,0.0
고기만두,0.0
김치만두,0.0
피자맛만두,0.0
복만두,0.0
샤오미,0.0
포자만두,0.0
팥춘권,0.0
스프링롤,0.0
유티아오,0.0
새우춘권,0.0
새우롤,0.0
꽃빵,0.0
통통짜조,0.0
야채스프링롤,0.0
사모사,0.0
새우완탕,0.0
감자만두,0.0
갈비만두,0.0
꼬물이김치만두,0.0
곤드레나물전병,0.0
찰보리감자만두,0.0
꼬물이고기만두,0.0
야빙피,0.0
콘치즈만두,0.0
메밀전병,0.0
감자전병,0.0
팝만두,0.0
피자만두,0.0
야끼만두,0.0
만두,0.0
옹심이만두,0.0
순한맛메밀전병,0.0
매운맛메밀전병,0.0
숯불갈비만두,0.0
군만두,0.0
춘권피,0.0
지마구,0.0
대나무죽통밥,0.0
고구마롤,0.0
용미하가우,0.0
카레사모사,0.0
웨딩샤오,0.0
딤섬,0.0
샤오롱바오,0.0
꽃게네트,0.0
피자왕춘권,0.0
월남짜조,0.0
새우연필춘권,0.0
관자쇼마이,0.0
왕하가우,0.0
단팥춘권,0.0
샤오,0.0
왕어혈교,0.0
화권,0.0
춘권,0.0
비취교,0.0
금어교,0.0
연필춘권,0.0
납작만두,0.0
물만두,0.0
만두피,0.0
채식만두,0.0
닭가슴살다이어트만두,0.0
굴림만두,0.0
메밀전병군만두,0.0
떡당면만두,0.0
제육만두,0.0
매운낙지만두,0.0
잡채만두,0.0
비건교자만두,0.0
미니메밀전병,0.0
렌지용고기만두,0.0
렌지용김치만두,0.0
렌지용갈비만두,0.0
렌지용매콤만두,0.0
당면만두,0.0
달콤한갈비만두,0.0
메밀만두,0.0
부추갈비만두,0.0
명랑시대도톰만두,0.0
얇은피닭가슴살만두,0.0
새우슈,0.0
미니메밀김치전병,0.0
새알옹심이만두,0.0
무피만두,0.0
한우샤오롱바오,0.0
씨앗호떡파이,0.0
새우만두,0.0
오징어만두,0.0
알떡스테이크,0.0
떡갈비스테이크,0.0
함박스테이크,0.0
핫도그패티,0.0
포크스테이크,0.0
치즈함박스테이크,0.0
숯불함박스테이크,0.0
함바그,0.0
직화스테이크,0.0
햄버거패티,0.0
육즙함박스테이크,0.0
미니함박스테이크,0.0
한스스테이크,0.0
떡산적스테이크,0.0
햄벅스테이크,0.0
함박양념새싹함박스테이크,0.0
쥬시햄벅스테이크,0.0
분햄벅스테이크,0.0
두부스테이크,0.0
갈릭어니언함박스테이크,0.0
스테이크,0.0
더블함박스테이크,0.0
송송함박스테이크,0.0
함박,0.0
로스트비프패티,0.0
더블치즈함박스테이크,0.0
수비드목살스테이크,0.0
직화포크,0.0
듬뿍함박스테이크,0.0
비건숯불향떡갈비,0.0
비프스테이크,0.0
육즙가득소고기패티,0.0
불고기맛패티,0.0
토마토우스터양념함박스테이크,0.0
비건햄버거패티,0.0
콩두부그릴스테이크,0.0
치즈콕콕함박스테이크,0.0
한우함박스테이크,0.0
비건패티,0.0
바다친구들해물완자,0.0
매운잡채해물완자,0.0
청양고추왕동그랑땡,0.0
야채범벅동그랑땡,0.0
비건완자,0.0
해물깻잎완자,0.0
고기완자,0.0
미니동그랑땡,0.0
네모랑땡,0.0
도톰해물완자,0.0
고추송송고기말이,0.0
해물부추경단,0.0
쏘옥도톰해물완자,0.0
콩두부로만든동그랑땡,0.0
스마트동그랑땡,0.0
한돈너비아니,0.0
타꼬야끼,0.0
해물카레동그랑땡,0.0
쏘옥동그랑땡,0.0
생활야채고기말이,0.0
생활도톰해물완자,0.0
깻잎주먹완자,0.0
돈함박스테이크,0.0
교자만두,0.0
데미함박스테이크,0.0
비건고구마함박스테이크,0.0
찹스테이크,0.0
포크함박스테이크,0.0
솔트페퍼스테이크,0.0
치즈콤보스테이크,0.0
플랜테이블함박스테이크,0.0
플랜테이블떡갈비,0.0
버거패티,0.0
하와이안그릴찹스테이크,0.0
버거스테이크,0.0
웰던함박스테이크,0.0
불고기맛함박,0.0
차슈,0.0
바베큐립,0.0
수육,0.0
목살,0.0
베이컨,0.0
닭똥집꼬치,0.0
팝콘치킨,0.0
토종닭훈제,0.0
튼튼닭가슴살훈제,0.0
크랜베리치킨필링,0.0
치킨,0.0
크리스피통살치킨패티,0.0
닭똥집튀김,0.0
순살닭구이,0.0
닭껍질후라이드,0.0
치킨패티,0.0
파닭꼬치,0.0
닭껍질꼬치,0.0
옛날통닭,0.0
미니순살닭꼬치,0.0
닭모래집꼬치,0.0
닭가슴살함박스테이크,0.0
핫지파이,0.0
시즈닝닭가슴살,0.0
크리스피팝콘치킨,0.0
닭꼬치,0.0
양념닭고기,0.0
닭가슴살큐브,0.0
슬라이스닭가슴살,0.0
중화미식유린기,0.0
닭떡볶이,0.0
양념닭발,0.0
모래집볶음,0.0
치킨지파이,0.0
닭똥집후라이드,0.0
안심가라아게,0.0
스파이시치킨,0.0
순살치킨패티,0.0
치킨통가슴살,0.0
훈제칠면조,0.0
닭가슴살두부전,0.0
훈제닭가슴살,0.0
치킨꿔바로우,0.0
스팀닭가슴살,0.0
닭다리살꼬치,0.0
통마늘근위볶음,0.0
치킨토핑,0.0
훈제닭다리,0.0
오븐구이닭가슴살바,0.0
순살치킨가라아게,0.0
포크불고기분쇄,0.0
간장불고기,0.0
삶은돈소창,0.0
석쇠불고기,0.0
불고기,0.0
돼지내장,0.0
고추장불고기,0.0
포크,0.0
옛날편육,0.0
참솥수육,0.0
돼지불백,0.0
소머리수육,0.0
민속순대내장,0.0
바베큐풀드포크,0.0
양지편육,0.0
바삭불고기,0.0
순대,0.0
토핑,0.0
뉴포크토핑,0.0
비프불고기,0.0
불고기토핑,0.0
포크토핑,0.0
바베큐불고기토핑,0.0
비프스트립,0.0
미트토핑,0.0
머리고기,0.0
편육,0.0
불오돌뼈,0.0
비프불고기토핑,0.0
모둠돼지내장,0.0
직화구이,0.0
제육볶음,0.0
완숙커팅소창,0.0
바베큐폭립낱개,0.0
불갈비토핑,0.0
직화돼지곱창,0.0
직화불고기,0.0
옛날사태보쌈,0.0
포크슬라이스,0.0
연탄불고기,0.0
소알곱창,0.0
돼지내장모둠,0.0
돼지곱창,0.0
선지,0.0
돼지양념구이,0.0
돼지소창슬라이스,0.0
돼지머릿고기,0.0
곱창볶음,0.0
돼지껍데기,0.0
옛날머릿고기,0.0
매콤돼지껍데기,0.0
조잘조잘양념오돌뼈,0.0
소불고기볶음,0.0
동파수육,0.0
비프슬라이스,0.0
뉴소불고기,0.0
소고기수육,0.0
돼지고기수육,0.0
돼지수육,0.0
돼지갈비,0.0
양념닭갈비,0.0
염지닭,0.0
치킨너겟,0.0
옛날치킨,0.0
불닭,0.0
닭다리쿠시카츠,0.0
자이언트통다리,0.0
버팔로봉,0.0
버팔로윙,0.0
베이크치킨,0.0
닭가슴살양배추쌈,0.0
바삭통다리치킨,0.0
매운닭찜,0.0
닭정육,0.0
불닭볶음,0.0
치킨스테이크,0.0
버팔로치킨미들윙,0.0
자메이카치킨토핑,0.0
해마로순살치킨,0.0
버팔로윙스틱,0.0
치킨텐더,0.0
닭껍질말이,0.0
버팔로치킨스틱,0.0
치킨가라아게,0.0
후라이드윙,0.0
로스트핫윙,0.0
로스트핫봉,0.0
버팔로스틱,0.0
치킨봉,0.0
치킨윙,0.0
치킨볼,0.0
훈제닭다리살,0.0
닭다리살,0.0
훈제통닭,0.0
숯불구이맛고기산적,0.0
닭스킨가라아게,0.0
닭발볶음,0.0
치킨링,0.0
데리야끼치킨,0.0
훈제치킨,0.0
순살닭강정,0.0
바베큐치킨,0.0
매콤안심깐풍치킨,0.0
차그릴허브치킨,0.0
핫앤스위티치킨탑핑,0.0
닭통살꼬치까스,0.0
닭볶음탕,0.0
순진한순살닭갈비,0.0
닭똥집볶음,0.0
불닭발볶음,0.0
핫앤스위트치킨,0.0
토종닭주물럭,0.0
쏙안심블랙폐퍼,0.0
통가슴살치킨패티,0.0
닭가슴살직화스테이크,0.0
닭가슴살직화통살구이,0.0
닭가슴살네모나,0.0
닭양념구이,0.0
안동식순살찜닭,0.0
순살닭갈비,0.0
숯불무뼈닭발,0.0
닭불고기,0.0
안동찜닭,0.0
양념불닭,0.0
꽁알꽁알숯불무뼈닭발,0.0
델리훈제치킨,0.0
지파이,0.0
직화그릴드치킨브레스트필렛,0.0
감자떡완자,0.0
간장오븐치킨,0.0
큐브닭가슴살,0.0
치킨팝콘,0.0
스파이스치킨토핑,0.0
훈제치킨닭가슴살,0.0
닭가슴살스테이크,0.0
치킨가슴살바베큐,0.0
닭산적파꼬치,0.0
치킨바베큐토핑,0.0
후라이드치킨,0.0
차슈민찌,0.0
마제민찌,0.0
와규우둔,0.0
후랑크소시지,0.0
모둠소시지,0.0
옥수수콘소시지,0.0
닭가슴살소시지,0.0
페스츄리소세지,0.0
칼집소시지,0.0
소시지,0.0
킬바사소시지,0.0
크레이지핫핫바,0.0
숯불구이맛핫바,0.0
더모둠소시지,0.0
바질콕콕소시지,0.0
치즈소시지,0.0
토리토리맛바,0.0
핫바,0.0
통통소시지전,0.0
꼬치,0.0
코테키노,0.0
청양고추소시지,0.0
화이트소시지,0.0
세블락소시지,0.0
페파로니킬바사소시지,0.0
롤소시지,0.0
크라카워,0.0
메이저킹치즈소시지,0.0
치즈맛소시지,0.0
매콤소시지,0.0
마약소세지,0.0
초리조,0.0
알짜소시지,0.0
닭가슴살후랑크소시지,0.0
체다치즈소시지,0.0
구운마늘후랑크,0.0
직화구이꼬치바,0.0
치킨소시지,0.0
브렉퍼스트소시지,0.0
부대볼로냐,0.0
부대살라미,0.0
캠쏘소시지,0.0
깻잎마일드소시지,0.0
스모크햄,0.0
햄,0.0
불고기스모크햄,0.0
김밥햄,0.0
델리킹스모크햄,0.0
불고기햄,0.0
두툼살코기햄,0.0
오븐통그릴델리햄,0.0
참스모크햄,0.0
더블스모크햄,0.0
직화구이햄,0.0
슬라이스햄,0.0
빅스모크햄,0.0
더김밥햄,0.0
더스모크햄,0.0
핫스모크햄,0.0
훈제오리(슬라이스),0.0
훈제오리,0.0
핫도그소시지,0.0
불곱창,0.0
스지고명,0.0
채끝스테이크,0.0
돈민찌불고기,0.0
토핑불고기,0.0
우민찌,0.0
직화간장불고기,0.0
족발,0.0
김치두루치기,0.0
매콤양념곱창,0.0
간장불고기토핑,0.0
옛날국밥고기,0.0
간장직화석쇠불고기,0.0
오돌뼈볶음,0.0
비엔나소시지,0.0
초벌구이소곱창,0.0
매운곱창볶음,0.0
벌집껍데기,0.0
삶은양념이지,0.0
고명,0.0
돼지고추장불고기,0.0
오리간장양념불고기,0.0
오리고추양념불고기,0.0
돈꿔드림,0.0
매운고추장쪽갈비,0.0
양념오돌뼈,0.0
폴드포크,0.0
해피탕육삶은머리고기,0.0
막창,0.0
비건고추장불고기,0.0
돼지머리슬라이스,0.0
소대창,0.0
소곱창구이,0.0
소대창구이,0.0
직화불곱창,0.0
양념소불고기,0.0
연탄직화불고기,0.0
숙성돼지불고기,0.0
양념제육볶음,0.0
오뗄미트,0.0
돼지목살슬라이스,0.0
매콤오돌뼈볶음,0.0
숯불고기,0.0
직화볼케이노곱창,0.0
불껍데기볶음,0.0
돈곱창,0.0
돈내장,0.0
돈오돌뼈,0.0
돈양념제육,0.0
매콤제육볶음,0.0
돼지삶은내장,0.0
돼지머리,0.0
돈육숯불구이,0.0
직화불막창,0.0
내장모둠,0.0
살코기,0.0
제육고추장볶음,0.0
새야채맛소시지,0.0
메이저킹소시지,0.0
엑스오소시지,0.0
보스턴핫소시지,0.0
포크소시지,0.0
홈소시지,0.0
치킨치폴라타,0.0
비바크부어스트소시지,0.0
더블링소시지,0.0
불갈비맛소시지,0.0
파프리카소시지,0.0
리치부어스트소시지,0.0
컨츄리소시지,0.0
레겐스부르거,0.0
베비롱소시지,0.0
모둠빌소시지,0.0
청양고추맛소시지,0.0
콘소시지,0.0
빅소시지,0.0
참피온소시지,0.0
롱소시지,0.0
휠터치소시지,0.0
파티소시지,0.0
통통소시지,0.0
마늘소시지,0.0
쿡살라미소시지,0.0
매운맛소시지,0.0
빌소시지,0.0
세블락소시지토핑,0.0
크리스피순살치킨,0.0
숯불향닭갈비,0.0
유자주스,0.0
사과주스,0.0
홍천사과즙,0.0
케일키위주스,0.0
키위주스,0.0
트로피칼블라썸,0.0
착즙오렌지주스,0.0
착즙사과주스,0.0
주스,0.0
포도주스,0.0
천혜향주스,0.0
식이섬유플랜,0.0
콜라겐플랜,0.0
오렌지주스,0.0
망고주스,0.0
딸기주스,0.0
감귤주스,0.0
오렌지착즙주스,0.0
아이키커,0.0
블라썸,0.0
봉봉,0.0
토마토주스,0.0
노니,0.0
오렌지감귤주스,0.0
트로피칼펀치주스,0.0
자몽주스,0.0
하루야채,0.0
스무디,0.0
보리새싹주스,0.0
배도라지주스,0.0
사과당근주스,0.0
레드키트주스,0.0
퍼플키트주스,0.0
키트주스,0.0
옐로우키트주스,0.0
그린키트주스,0.0
베리드래곤,0.0
클렌즈랩,0.0
프레시스무디,0.0
케일사과,0.0
브로컬리주스,0.0
푸룬주스,0.0
셀러리주스,0.0
야채랑사과,0.0
샤이한청사과,0.0
포도베리굿,0.0
모여라야채친구들,0.0
딸기음료,0.0
타트체리주스,0.0
순수착즙자몽주스,0.0
과일야채주스,0.0
블루베리주스,0.0
스트로베리주스,0.0
수박주스,0.0
포도드링크,0.0
플리또,0.0
야채사랑주스,0.0
테이크얼라이브망고주스,0.0
테이크얼라이브스위티자몽주스,0.0
복숭아주스,0.0
라임주스,0.0
노아주스,0.0
갈아만든배,0.0
플리또주스,0.0
라임주스농축액,0.0
자일로스매실음료,0.0
레드오렌지음료,0.0
오렌지음료,0.0
사과음료,0.0
배주스,0.0
머스캣주스,0.0
달콤한하루,0.0
하루,0.0
포도와야채주스,0.0
자두주스,0.0
카프리썬,0.0
야채주스,0.0
피크닉,0.0
숨,0.0
해피망고주스,0.0
청미채과채주스,0.0
현미녹차,0.0
아이스티,0.0
레몬홍차,0.0
둥굴레차,0.0
보리차,0.0
옥수수차,0.0
코코아가루,0.0
레몬가루,0.0
포도한모금,0.0
도라지배즙,0.0
레드,0.0
옐로우,0.0
그린,0.0
핑크,0.0
애플,0.0
패션후루츠,0.0
토마토당근한모금,0.0
레몬농축쥬스,0.0
석류즙,0.0
민트초코칩프리치노,0.0
결명자차,0.0
메밀차,0.0
마차,0.0
생강대추,0.0
코코아차,0.0
얼그레이홍차,0.0
녹차가루,0.0
쟈스민차,0.0
라벤다차,0.0
카모마일차,0.0
얼그레이티,0.0
페퍼민트차,0.0
레몬밤차,0.0
감잎차,0.0
홍차,0.0
대추차,0.0
피스타치오아몬드프리치노,0.0
루이보스,0.0
얼그레이,0.0
루이보스바닐라허브티,0.0
복숭아아이스티,0.0
브랙퍼스트티,0.0
쌍화차,0.0
옐로라벨,0.0
볶은옥수수,0.0
브레드이발소,0.0
그린데이,0.0
워터젤리,0.0
홍삼,0.0
루비레드자몽주스,0.0
타트체리,0.0
사과초모식초,0.0
닥터뷰티,0.0
망고애플,0.0
원더베리,0.0
유자바나나,0.0
얼린생수박주스,0.0
얼린생주스,0.0
얼린폰칸주스,0.0
홍삼세트,0.0
석류세트,0.0
블루베리세트,0.0
리치주스,0.0
쇼군오렌지,0.0
타트체리즙,0.0
수세미즙,0.0
배도라지즙,0.0
착즙주스,0.0
순오가닉오렌지주스,0.0
천혜향한라봉주스,0.0
순오가닉포도주스,0.0
한라봉감귤착즙주스,0.0
비트감귤착즙주스,0.0
당근감귤착즙주스,0.0
사과한모금,0.0
석류와베르가모트,0.0
당근사과주스,0.0
포도로만든포도즙,0.0
매실주스,0.0
청포도파우더,0.0
타로파우더,0.0
초코파우더,0.0
체리에이드,0.0
미숫가루파우더,0.0
그린티라떼파우더,0.0
자색고구마파우더,0.0
다크초코믹스,0.0
토피넛파우더,0.0
고구마라떼파우더,0.0
그린티파우더,0.0
밀크티파우더,0.0
레몬에이드,0.0
달고나라떼파우더,0.0
딸기파우더,0.0
망고파우더,0.0
타로버블티파우더,0.0
말차파우더,0.0
얼그레이파우더,0.0
체리분말,0.0
핑크레몬에이드,0.0
흑임자파우더,0.0
새싹보리분말,0.0
민트초코프라페믹스,0.0
아이스티피치,0.0
요거트믹스,0.0
그린티믹스,0.0
말차믹스,0.0
호지티믹스,0.0
땅콩카라멜파우더,0.0
코코아분말,0.0
밀크쉐이크파우더,0.0
생강라떼,0.0
바닐라파우더,0.0
누가파우더,0.0
석류아이스티파우더,0.0
시나몬가루,0.0
복숭아아이스티파우더,0.0
자바칩파우더,0.0
쿠키앤크림파우더,0.0
피치망고그린티,0.0
라즈베리그린티,0.0
체리석류에이드,0.0
레몬홍차분말,0.0
그린티민트파우더,0.0
초콜릿파우더,0.0
참마라떼파우더,0.0
자색고구마라떼파우더,0.0
자색고구마가루,0.0
레트로다방커피파우더,0.0
녹차라떼파우더,0.0
알로에주스,0.0
프리잔떼파우더,0.0
코코아파우더,0.0
펌킨페이스트,0.0
바닐라라떼파우더,0.0
블루베리라떼,0.0
블랙빈라떼,0.0
자바칩프라페믹스,0.0
민트초코파우더,0.0
코코렛파우더,0.0
오곡파우더,0.0
고구마라떼페이스트,0.0
청포도에이드,0.0
자몽에이드,0.0
복숭아농축액,0.0
복숭아베이스,0.0
애플망고에이드농축액,0.0
딸기요거베이스,0.0
유자차분말,0.0
핫초코분말,0.0
자색고구마라떼페이스트,0.0
홍차라떼,0.0
스위트사워믹스,0.0
치즈베이스,0.0
프랄린크림파우더,0.0
율무차분말,0.0
바나나파우더,0.0
홍차파우더,0.0
치즈라떼파우더,0.0
시나몬파우더,0.0
애플사이더분말,0.0
복숭아홍차분말,0.0
토피모카파우더,0.0
코코넛믹스파우더,0.0
녹차분말,0.0
허니고구마페이스트,0.0
단호박분말,0.0
코코넛버블티파우더,0.0
곡물라떼파우더,0.0
더블초코파우더,0.0
녹차라떼,0.0
멜론맛버블티파우더,0.0
카페초콜릿파우더,0.0
유자파우더,0.0
크랜베리주스,0.0
과즙음료,0.0
사과동네,0.0
당근주스,0.0
석류주스,0.0
솔티드밀크파우더,0.0
산타비토리아,0.0
일석류주스,0.0
포도음료,0.0
오렌지주스세트,0.0
주스세트,0.0
초록매실,0.0
쑥라떼파우더,0.0
달고나라떼분태,0.0
달고나파우더,0.0
다크초콜릿파우더,0.0
그린티민트초코칩프라페,0.0
토피넛,0.0
곡물라떼,0.0
카라멜익스,0.0
복숭아향아이스티,0.0
레몬아이스티,0.0
브라운비스킷파우더,0.0
매실파우더,0.0
오미자파우더,0.0
청귤파우더,0.0
포레스트,0.0
슈크림파우더,0.0
레몬파우더,0.0
체리파우더,0.0
실론티파우더,0.0
우지말차,0.0
메이플라떼파우더,0.0
얼그레이블랙티,0.0
허니멜론파우더,0.0
쿠키앤크림프라페파우더,0.0
달콤옥수수라떼파우더,0.0
카라멜땅콩파우더,0.0
딥바닐라파우더,0.0
돌체파우더,0.0
솔트카라멜파우더,0.0
밀크파우더,0.0
초콜릿라떼,0.0
황금고구마파우더,0.0
요토피넛파우더,0.0
귀리쉐이크분말,0.0
냉마라떼파우더,0.0
웨이프로틴,0.0
콤부차,0.0
쑥파우더,0.0
청귤베이스,0.0
핫초코,0.0
모카커피믹스,0.0
커피,0.0
커피믹스,0.0
아메리카노,0.0
캡슐커피,0.0
핸드드립,0.0
에이리스트,0.0
원두커피,0.0
헤이즐넛원두커피,0.0
원두,0.0
크레마에아로마원두,0.0
블랙,0.0
토피넛라떼,0.0
아이스커피믹스,0.0
모카,0.0
커피믹스모카,0.0
바닐라라떼,0.0
탄산수,0.0
제로콜라,0.0
콜라,0.0
한라봉에이드,0.0
상쾌한사이다,0.0
탄산레몬라임,0.0
키위에이드,0.0
웰치스,0.0
사이다,0.0
비건콜라,0.0
탄산음료,0.0
오랑지나,0.0
몬스터에너지,0.0
닥터페퍼,0.0
트레비,0.0
무알콜맥주,0.0
제로사이다,0.0
제로,0.0
스파클링,0.0
밀키스,0.0
트레비탄산수,0.0
페이머스소다,0.0
청주,0.0
파랑,0.0
페리에일,0.0
주,0.0
쌀막걸리,0.0
막걸리,0.0
분쇄커피,0.0
레몬소다,0.0
더킹,0.0
에너지드링크,0.0
제로스파클링,0.0
분다버그,0.0
티즐스파클링,0.0
프로틴스파클링,0.0
에스프레소원두커피,0.0
후라이드근위,0.0
뉴올리언즈버팔로윙,0.0
염지닭정육,0.0
닭파꼬치,0.0
닭근위튀김,0.0
매운무뼈국물닭발,0.0
마일드염지닭순살,0.0
뼈없는닭발,0.0
염지순살닭,0.0
스파이시치킨텐더,0.0
숯불무뼈불닭발,0.0
닭발후라이드,0.0
양념닭강정,0.0
매콤점보닭다리,0.0
뉴올리언즈치킨봉,0.0
커피원두,0.0
찜닭염장육,0.0
염지정육,0.0
소보로순살치킨,0.0
순살치킨가라게,0.0
매콤치킨스틱,0.0
버팔로치킨윙,0.0
버팔로치킨봉,0.0
넓적닭다리,0.0
불닭토핑,0.0
통다리바베큐,0.0
정육,0.0
통살가라아게,0.0
염장닭,0.0
치킨염지육,0.0
크리스피치킨윙,0.0
크리스피치킨봉,0.0
닭구이,0.0
순살크리스피치킨,0.0
핫스파이스윙,0.0
염지조각정육,0.0
빨간양념닭불고기,0.0
후라이드순살치킨,0.0
숯불불닭발,0.0
직화불닭갈비,0.0
순살치킨,0.0
뼈있는닭발,0.0
시그니처순살치킨,0.0
원두블렌딩,0.0
더치블랜딩,0.0
초코블랜딩원두,0.0
프리즈드라이드커피,0.0
바베큐윙스틱,0.0
블렌딩원두,0.0
다스빈,0.0
블렌딩원두커피,0.0
에스프레소블렌드커피,0.0
에스프레소,0.0
숯불구이닭고기살꼬치,0.0
치즈불닭,0.0
숯불닭꼬치,0.0
불날개,0.0
용갈삶은닭발,0.0
숯불양념닭꼬치,0.0
허브순살치킨,0.0
컵넛다크,0.0
원두혼합,0.0
퍼블리크그린,0.0
로스트봉,0.0
핫치킨토핑,0.0
로스트스파이시윙,0.0
옥수수수염차,0.0
블랙선식,0.0
다즐링,0.0
히비스커스,0.0
캐모마일,0.0
제티초코,0.0
하와이안히비스커스,0.0
애플티백허브차,0.0
자스민,0.0
녹차,0.0
통알곡옥수수차,0.0
티백차,0.0
현미차,0.0
애플홍차,0.0
로즈힙,0.0
레몬글라스,0.0
생생레몬,0.0
잉글리쉬블랙퍼스트,0.0
호두아몬드율무차,0.0
우롱차,0.0
진주쟈스민,0.0
페퍼민트허브차,0.0
진매실차,0.0
연근우엉차,0.0
율무차,0.0
새싹보리,0.0
모과차,0.0
수정과농축액,0.0
박하차,0.0
쌍화한차,0.0
차,0.0
유자차,0.0
당두충현미차,0.0
도라지작두콩차,0.0
히비스커스차,0.0
발아현미쑥차,0.0
단호박차,0.0
캐모마일티,0.0
히비스커스티,0.0
애플티백,0.0
페퍼민트티,0.0
잉글리쉬블랙퍼스트티,0.0
참율무차,0.0
레몬마테차,0.0
애플시나몬차,0.0
루이보스차,0.0
로즈힙티,0.0
아쌈홍차,0.0
자스민차,0.0
레몬그라스티,0.0
얼그레이차,0.0
로얄밀크티,0.0
석류아이스티,0.0
루이보스시나몬티,0.0
레몬스카이티,0.0
레드베리티,0.0
카모마일,0.0
자스민플라워티,0.0
대나무잎,0.0
스무디민트피라팩,0.0
대추생강차,0.0
대보한차,0.0
우엉차,0.0
보이차,0.0
발아옥수수차,0.0
아일레스디럭스애플티,0.0
다즐링썸머리브피라팩,0.0
팬시카모마일피라팩,0.0
로얄얼그레이피라팩,0.0
단호박고구마차,0.0
카모마일티,0.0
레몬진저티,0.0
요크셔티,0.0
히비스커스허브티,0.0
실론블랙퍼스트,0.0
마가들어간곡미숫가루,0.0
블랙퍼스트얼그레이,0.0
애플티,0.0
바닐라티,0.0
환타,0.0
씨그램,0.0
뉴오란씨,0.0
자몽소다음료,0.0
데미소다,0.0
루이보스오렌지,0.0
클럽소다,0.0
캐나다드라이,0.0
킨사이다,0.0
핫식스,0.0
레몬탄산수,0.0
청귤,0.0
티페디아,0.0
마운틴듀,0.0
자몽차,0.0
얼그레이티백,0.0
블라썸티백,0.0
레몬제스트티백,0.0
스칼렛티백,0.0
아이스티믹스,0.0
레몬차,0.0
토닉워터,0.0
라임탄산수,0.0
레모네이드,0.0
엑스오엑스오망고스무디,0.0
완제빵,0.0
양과자/파이,0.0
샌드위치,0.0
미니핫도그번,0.0
브리오슈번,0.0
바게트번,0.0
모닝빵,0.0
반미,0.0
바게뜨깜빠뉴,0.0
핫도그빵,0.0
브리오쉬햄버거번,0.0
먹물치아바타,0.0
소프트핫도그번,0.0
바게트,0.0
먹물번,0.0
참깨버거번,0.0
참깨먹물버거번,0.0
스프볼,0.0
햄버거빵,0.0
소프트롤,0.0
치아바타,0.0
핫도그번,0.0
갈릭버터난,0.0
미니바게트,0.0
참깨햄버거빵,0.0
모닝롤,0.0
크루통,0.0
모닝바게트,0.0
빵,0.0
양파모닝빵,0.0
바게트빵,0.0
허니브레드,0.0
크렌베리바게트,0.0
브리오쉬번,0.0
번스,0.0
오리지날번,0.0
햄버거번,0.0
참깨브리오쉬번,0.0
반미비에뜨,0.0
레귤러버거번신라명과,0.0
라지버거번신라명과,0.0
롤,0.0
올리브포카치아,0.0
포카치아,0.0
바게트롤,0.0
정통모닝빵,0.0
먹물핫도그번,0.0
버거번,0.0
터키피타라바쉬,0.0
스톤오븐바게트,0.0
파니니브레드,0.0
브리오슈,0.0
깨핫도그롤,0.0
콰트로치즈치킨부리또,0.0
바베큐치킨토스트,0.0
대만샌드위치,0.0
브리또,0.0
더블치즈치킨토스트,0.0
햄에그잉글리시머핀,0.0
베이컨에그잉글리시머핀,0.0
새우듬뿍토스트,0.0
햄치즈토스트,0.0
햄치즈크라상샌드위치,0.0
스파이시토마토핫도그,0.0
체다칠리핫도그,0.0
치즈불고기핫도그,0.0
프렌치바게트,0.0
버터롤,0.0
피타브레드피자빵,0.0
호밀빵,0.0
참깨햄버거번,0.0
포테이토치즈샌드위치,0.0
햄에그샌드위치,0.0
머쉬룸에그브리오쉬,0.0
베이컨에그브리오쉬,0.0
스팸에그치즈핫랩,0.0
바베큐치즈핫랩,0.0
트러플맥앤치즈핫랩,0.0
아침애모닝롤,0.0
화이트치아바타,0.0
브레드볼,0.0
버거번푸드빌,0.0
식빵,0.0
바게트번빠네빵,0.0
케익,0.0
초콜릿,0.0
캔디,0.0
블루베리퓨레,0.0
복숭아리플잼,0.0
블루베리리플잼,0.0
애플시나몬리플잼,0.0
자색고구마리플잼,0.0
카야잼,0.0
사과잼,0.0
달콤한딸기잼,0.0
청사과퓨레,0.0
베리잼,0.0
잼선물세트,0.0
딸기잼,0.0
감귤잼,0.0
배잼,0.0
딸기퓨레,0.0
망고퓨레,0.0
로얄스트로베리잼,0.0
석류크랜베리리플잼,0.0
살구잼,0.0
화이트피치리플잼,0.0
햄피자샌드필링,0.0
레드자몽리플잼,0.0
사과파이필링,0.0
로투스스프레드,0.0
오렌지잼,0.0
블루베리잼,0.0
로얄라즈베리잼,0.0
딸기프루트잼,0.0
블루베리프루트잼,0.0
블랙커런트잼,0.0
무화과잼,0.0
라즈베리퓨레,0.0
에그필링,0.0
배퓨레,0.0
망고프루트잼,0.0
오렌지마말레이드,0.0
라즈베리잼,0.0
세비아오렌지잼,0.0
아이퓨,0.0
카야그린잼,0.0
누텔라초콜릿잼,0.0
너에게로곶감페이스트,0.0
호박퓨레,0.0
연유버터스프레드,0.0
팥앙금,0.0
건코코넛,0.0
건자두,0.0
건포도,0.0
건크랜베리,0.0
건무화과,0.0
코코넛청크,0.0
치자,0.0
건살구,0.0
코코넛,0.0
건딸기,0.0
건파파야,0.0
건망고,0.0
건바나나칩,0.0
반건무화과,0.0
바바리안필링,0.0
햄캔,0.0
아이스크림,0.0
투게더,0.0
초코아이스크림,0.0
바닐라아이스크림,0.0
각얼음,0.0
아이스크림믹스,0.0
딸기아이스크림,0.0
얼음,0.0
바밤바,0.0
구슬아이스크림,0.0
찰떡아이스,0.0
붕어싸만코,0.0
아시나요,0.0
빵또아,0.0
캔디바,0.0
국화빵,0.0
메로나,0.0
왕포도알,0.0
비비빅,0.0
요맘때바,0.0
돼지바,0.0
보석바,0.0
죠스바,0.0
수박바,0.0
월드콘,0.0
구구콘,0.0
뽕따,0.0
설레임,0.0
옥동자,0.0
젤라또,0.0
팥빙수,0.0
본레스햄,0.0
쿡살라미,0.0
치킨브레스트햄,0.0
쿡페페로니,0.0
다진소고기,0.0
민찌,0.0
다진소고기햄,0.0
터키브레스트,0.0
엑스트라린햄,0.0
페페로니피자,0.0
하몽,0.0
부대찌개모둠햄,0.0
모둠햄,0.0
페페로니,0.0
카나디안햄,0.0
페페로니햄,0.0
모타델라햄,0.0
비어햄,0.0
페파로니,0.0
비건원형햄,0.0
잠봉,0.0
샌드위치햄,0.0
후레쉬햄,0.0
하몽슬라이스,0.0
마늘햄,0.0
크리스피스팸튀김,0.0
하몽세라노,0.0
부대찌개모둠,0.0
비건원형치즈햄,0.0
비프파스트라미,0.0
로스트비프,0.0
스팔라꼬따,0.0
미니페페로니,0.0
뉴른베르거소시지,0.0
팜랜드찹햄,0.0
오팜,0.0
찹햄,0.0
페퍼로니,0.0
포도잼,0.0
체리파이필링,0.0
파이필링,0.0
땅콩버터,0.0
블루베리파이필링,0.0
마멀레이드,0.0
냉동산딸기퓨레,0.0
뉴욕치즈케이크아이스크림,0.0
바닐라밀크쉐이크,0.0
초콜렛밀크쉐이크,0.0
쿠키앤크림밀크쉐이크,0.0
민트초코밀크쉐이크,0.0
블루베리아이스크림,0.0
코코넛아이스,0.0
수박샤베트,0.0
패션후르츠망고아이스샤베트,0.0
파밀리아바닐라아이스크림,0.0
후렌치바닐라아이스크림,0.0
파르페아이스크림,0.0
라즈베리리플잼,0.0
요거트블루베리아이스크림,0.0
피넛버터,0.0
딸기리플잼,0.0
체리리플잼,0.0
초콜릿잼,0.0
화이트복숭아퓨레,0.0
코코넛퓨레,0.0
패션후르츠퓨레,0.0
사과리플잼,0.0
청포도리플잼,0.0
크림맛살필링,0.0
키위리플잼,0.0
가나슈필링,0.0
고구마필링,0.0
망고리플잼,0.0
민트초코아이스크림,0.0
아몬드봉봉아이스크림,0.0
체리쥬빌레아이스크림,0.0
스트로베리아이스크림,0.0
티라미수아이스크림,0.0
쿠즈코초코아이스크림,0.0
망고아이스크림,0.0
쿠키앤치즈아이스크림,0.0
슈퍼콘,0.0
더블팅,0.0
쿠키앤크림아이스크림,0.0
메로나튜브,0.0
돌얼음,0.0
얼음컵,0.0
흰우유아이스크림,0.0
딸기우유아이스크림,0.0
초코우유아이스크림,0.0
요거트아이스크림,0.0
본젤라또,0.0
디요거트,0.0
싱글바,0.0
소프트믹스,0.0
더위사냥,0.0
와,0.0
스노볼아이스블럭,0.0
미니컵,0.0
바나나우유아이스크림,0.0
라이스크림,0.0
생얼음,0.0
초코가득바,0.0
커피가득바,0.0
딸기머거바,0.0
포도머거바,0.0
단팥가득바,0.0
셀렉션,0.0
살롱밀크티아이스크림,0.0
커피우유아이스크림,0.0
빠삐코,0.0
탱크보이,0.0
스크류바,0.0
초코샤베트,0.0
눈꽃딸기샤베트,0.0
바나나칩,0.0
베이커리도우/생지,0.0
크림파티시에,0.0
간식박스,0.0
아마레나체리,0.0
쑥분말,0.0
라프티스노우,0.0
크리스마스믹스,0.0
단호박스틱,0.0
캬라멜쿠키크런치,0.0
딸기쿠키크런치,0.0
미니마우스,0.0
슈가막대믹스파스텔,0.0
슈크림치즈무스,0.0
파운드,0.0
참치마요샌드위치,0.0
에그샐러드샌드위치,0.0
크랜베리치킨샌드위치,0.0
케이준치킨샌드위치,0.0
치킨브리또,0.0
불고기브리또,0.0
베이글,0.0
비건브라우니,0.0
파이,0.0
마들렌,0.0
마카롱,0.0
크로와상,0.0
클래식부리또,0.0
치킨부리또,0.0
토마토미트볼서브,0.0
아메리칸칠리서브,0.0
칠리미트서브,0.0
소세지부리또,0.0
햄치즈샌드,0.0
고스트셰이프,0.0
크림치즈무스,0.0
해바라기씨,0.0
깐호두,0.0
피호두,0.0
아몬드분말,0.0
볶음피땅콩,0.0
모둠씨앗종,0.0
볶은아몬드,0.0
튀김땅콩,0.0
호두,0.0
호박씨,0.0
아몬드,0.0
통아몬드,0.0
땅콩가루,0.0
볶음땅콩,0.0
깐땅콩,0.0
땅콩분말,0.0
생땅콩,0.0
피칸분태,0.0
믹스넛,0.0
구운아몬드,0.0
피스타치오,0.0
브라질넛,0.0
통헤이즐넛,0.0
헤이즐넛분태,0.0
피칸,0.0
캐슈넛,0.0
볶음땅콩분말,0.0
백아몬드,0.0
볶음캐슈넛,0.0
커피땅콩,0.0
볶음아몬드,0.0
마카다미아,0.0
허니버터아몬드,0.0
치자열매,0.0
레몬건조과일,0.0
카카오닙베이스,0.0
블랙커런트그릿,0.0
믹스너트,0.0
자몽건조과일,0.0
땅콩분태,0.0
동결건조딸기다이스드,0.0
팩자몽,0.0
건블루베리,0.0
건애플망고,0.0
건키위,0.0
카카오,0.0
구운코코넛칩,0.0
볶음알땅콩,0.0
너트타임,0.0
알땅콩,0.0
너트믹스,0.0
조미튀김땅콩,0.0
깐아몬드,0.0
아몬드가루,0.0
아몬드슬라이스,0.0
월남땅콩,0.0
볶음통아몬드,0.0
생캐슈넛,0.0
금가루,0.0
레몬필,0.0
스노우화이트,0.0
적체리,0.0
블랙타피오카펄,0.0
밤페이스트,0.0
크런치쿠키,0.0
금귤잎,0.0
코코넛분말,0.0
로띠카페,0.0
코코넛파우더,0.0
선라이즈보바,0.0
꿀고구마,0.0
꿀고구마선물세트,0.0
녹차카스테라가루,0.0
카스테라가루,0.0
바닐라페이스트,0.0
블랙펄,0.0
바닐라빈페이스트,0.0
스노베리,0.0
크런키쿠키,0.0
콘스타치,0.0
카스테라고물,0.0
당적블루베리,0.0
흑임자페이스트,0.0
고구마츄,0.0
레몬제스트,0.0
캔디드슬라이스오렌지필,0.0
적고구마,0.0
맛군밤,0.0
블랙보바즉석펄,0.0
군고구마,0.0
고구마큐브,0.0
머핀,0.0
쿠앤크맛아몬드,0.0
딸기퐁당아몬드,0.0
요거퐁당견과믹스,0.0
넛츠로힐링,0.0
볶은알땅콩,0.0
볶은캐슈넛,0.0
바사삭호두,0.0
딸기퐁당호두,0.0
할로윈머핀,0.0
피넛크런치,0.0
하루견과,0.0
피스타치오커넬,0.0
한줌견과,0.0
견과선물세트,0.0
스콘,0.0
초코머핀,0.0
치즈머핀,0.0
초콜릿헤이즐넛머핀,0.0
솔트캐러멜머핀,0.0
쁘띠후르츠머핀,0.0
초코머핀미니,0.0
머핀미니,0.0
잉글리쉬머핀,0.0
호두시나몬스콘,0.0
건포도스콘,0.0
건포도머핀,0.0
블루베리머핀,0.0
쁘띠초코칩머핀,0.0
엑스오엑스오블루베리스무디,0.0
엑스오엑스오키위스무디,0.0
렌치양념,0.0
알리오올리오,0.0
아라비아따스파게트양념,0.0
토마토스파게티양념,0.0
폭립양념,0.0
와사비마요양념,0.0
레몬마요양념,0.0
바베큐양념,0.0
로제스파게티양념,0.0
부리또양념,0.0
치즈머스타드,0.0
매콤칠리양념,0.0
아이올리양념,0.0
미트양념,0.0
콰트로퐁듀치즈양념,0.0
크림파스타양념,0.0
핫양념,0.0
갈릭딥핑양념,0.0
딜리버주살사양념,0.0
잠발라야양념,0.0
까르보나라양념,0.0
랜치드레싱,0.0
스테이크양념,0.0
로제토마토스파게티양념,0.0
잭다니엘양념,0.0
토마토파스타양념,0.0
양념치킨양념,0.0
머쉬룸크림,0.0
크림분말,0.0
테이준피자양념,0.0
소이머스타드,0.0
칠리마요양념,0.0
로제양념분말,0.0
로제매운양념분말,0.0
로제분말,0.0
필라프양념,0.0
투움바양념,0.0
비건마요양념,0.0
불고기양념,0.0
로제파스타양념,0.0
크림양념,0.0
마리네이드양념,0.0
핫살사양념,0.0
베샤멜양념믹스,0.0
하이라이스양념,0.0
파이어양념,0.0
사워어니언시즈닝,0.0
버거양념,0.0
알리오올리오양념,0.0
비프버거양념,0.0
갈릭치즈양념,0.0
숯불매운치킨양념,0.0
파히타칠리양념,0.0
비건치폴레양념,0.0
살사양념,0.0
크림스파게티양념,0.0
육수베이스,0.0
샐러드파스타양념,0.0
상큼레몬양념,0.0
체다치즈양념,0.0
고르곤졸라양념,0.0
함박염지액,0.0
히커리스모크바베큐양념,0.0
찹스테이크양념,0.0
갈릭오일베이스,0.0
갈릭스테이크양념,0.0
봉골레스톡파우더,0.0
마늘양념,0.0
명란마요,0.0
핫치킨양념,0.0
화이트갈릭양념,0.0
카레양념,0.0
데미그라스양념,0.0
베이글양념,0.0
아란치오네양념,0.0
화이트양념,0.0
우스타양념,0.0
아라데미그라스양념,0.0
봉골레양념,0.0
샌드위치양념,0.0
크림마요양념,0.0
치즈양념,0.0
비건갈릭마요양념,0.0
비건사우전아일랜드드레싱,0.0
고추장양념패키지,0.0
콘소메양념,0.0
살사로하,0.0
살사베르데,0.0
카라멜양념,0.0
돈까스양념,0.0
토마토마레양념,0.0
트러플향양념,0.0
블랙알리오양념,0.0
화이트크림양념,0.0
베지머스타드,0.0
명랑시대크림양념,0.0
베지유자커틀릿양념,0.0
칠리미트양념,0.0
로제떡볶이양념,0.0
명란마요양념,0.0
로제양념,0.0
머쉬룸투움바파스타양념,0.0
발사믹글레이즈양념,0.0
치폴레양념,0.0
체다치즈드리즐양념,0.0
투움바파우더,0.0
함박양념,0.0
크리미버터양념,0.0
간장딥핑양념,0.0
떡볶이로제분말,0.0
뉴트로양념,0.0
오므라이스양념,0.0
갈릭파마산양념,0.0
스파이스하바네로양념,0.0
빅벅양념,0.0
브라운양념,0.0
바질페스토양념,0.0
냉파스타양념,0.0
스파이시핫양념,0.0
비건소이갈릭양념,0.0
핫바베큐양념,0.0
부리또드레싱,0.0
까르보나라떡볶이베이스,0.0
트러플양념,0.0
경양식양념,0.0
부리또레드,0.0
꼬꾸디핑양념,0.0
비건체다치즈향양념,0.0
뉴욕칠리양념,0.0
불고기버거양념,0.0
테이준스파게티양념,0.0
스파이스양념,0.0
딥피클양념,0.0
나초치즈양념,0.0
정통데미그라스양념,0.0
화이트어니언양념,0.0
뉴욕체다치즈양념,0.0
파머빌칠리양념,0.0
옐로우허브양념,0.0
투움바크림양념,0.0
슈프림양념,0.0
허니머스타드,0.0
구운양파양념,0.0
크림파스타분말,0.0
오리엔탈양념,0.0
갈릭드레싱,0.0
갈릭버터양념,0.0
샬롯렌치양념,0.0
페퍼크림양념,0.0
홀란다이즈양념,0.0
소포장체다치즈맛양념,0.0
비프찹스테이크양념,0.0
크리미필링양념,0.0
로제떡볶이분말,0.0
갈릭크림양념,0.0
바비큐양념,0.0
청양고추머스타드,0.0
명란크림파스타양념,0.0
구아카몰,0.0
달콤갈릭양념,0.0
스파이시하바네로양념,0.0
레몬맛양념,0.0
쉐어드토마토,0.0
닭볶음탕양념,0.0
막국수양념,0.0
부대찌개양념,0.0
양념장,0.0
닭갈비양념,0.0
뚝딱된장찌개베이스,0.0
뚝딱순두부찌개베이스,0.0
고추참치양념,0.0
양념다대기,0.0
순두부찌개양념,0.0
국수양념장,0.0
새콤달콤비빔장,0.0
우렁강된장양념,0.0
갈비양념,0.0
냉면비빔장,0.0
된장다대기,0.0
물냉면양념장,0.0
김치다대기,0.0
다대기양념장,0.0
육회장,0.0
막국수다대기,0.0
비빔된장,0.0
소불고기큰양념,0.0
만능비빔장,0.0
단짠불고기토핑,0.0
냉면장,0.0
불냉면장,0.0
비빔양념장,0.0
국밥용다대기,0.0
냉면비빔냉면장,0.0
매운볶음양념,0.0
매운갈비양념,0.0
청키살사양념,0.0
데미그레이믹스파우더,0.0
타바스코양념,0.0
전일장양념,0.0
냉면양념장,0.0
얼큰다데기,0.0
국밥용양념장,0.0
찍먹양념,0.0
막국수다데기,0.0
된장찌개양념,0.0
쫄면장,0.0
매운탕찌개장,0.0
해물짬뽕양념,0.0
소불고기양념,0.0
소갈비양념,0.0
돼지갈비양념,0.0
돼지불고기양념,0.0
냉면물냉면장,0.0
매운타키나,0.0
볼케이노양념,0.0
부대찌개베이스,0.0
소갈비큰양념,0.0
김치찌개양념,0.0
닭볶음양념,0.0
불제육양념,0.0
생선조림양념장,0.0
추어페이스트,0.0
빙하비빔양념,0.0
쫄면양념,0.0
비빔간장양념,0.0
찌개양념,0.0
매운탕다데기,0.0
비빔양념,0.0
돈고추장불고기양념,0.0
매운비빔양념,0.0
비빔장,0.0
만능장,0.0
비빔고추장양념,0.0
탕양념,0.0
조림양념,0.0
다대기,0.0
석쇠불백양념,0.0
닭볶음탕용양념,0.0
다데기장,0.0
다되는매운맛양념,0.0
파무침장,0.0
비빔냉면장,0.0
소불고기덮밥양념,0.0
갈비찜양념,0.0
냉면다대기,0.0
특제다데기,0.0
비빔밥양념,0.0
과일비빔장,0.0
고추장불고기양념,0.0
비빔국수양념,0.0
김치비빔국수양념장,0.0
양념,0.0
토마토피자양념,0.0
봉골레파우더,0.0
봉골레분말,0.0
델리양념,0.0
크림치즈스파게티양념,0.0
엑스오칠리양념,0.0
갈릭양념,0.0
불맛베이스,0.0
칠리콘까르네,0.0
트러플페이스트,0.0
할라페노치즈양념,0.0
후랑크핫양념,0.0
치포틀레페퍼,0.0
믹싱양념,0.0
숯불바베큐양념,0.0
핫칠리양념,0.0
바베큐핫양념,0.0
칠리마늘양념,0.0
허니갈릭양념,0.0
크림토마토파스타양념,0.0
스위트칠리양념,0.0
크림육수파우더,0.0
엑스오체다치즈양념,0.0
엑스오핫바베큐양념,0.0
데미그레이스양념,0.0
치즈크림스파게티양념,0.0
비에스양념,0.0
웨스턴구아카몰,0.0
데미그라스소스,0.0
숙성체다치즈양념,0.0
엑스오어니언양념,0.0
뉴욕레드핫양념,0.0
화이트라임양념,0.0
데리바베큐양념,0.0
애비뉴칠리양념,0.0
크림베이스양념,0.0
볼로네제양념,0.0
갈릭올리브화이트양념,0.0
연어양념,0.0
파프리카양념,0.0
스파게티화이트양념,0.0
그래비양념,0.0
치킨바베큐양념,0.0
치포틀레페퍼쵸핑,0.0
프랭크양념,0.0
두반장,0.0
중화조림양념,0.0
중화고추마늘양념,0.0
중화바베큐양념,0.0
굴양념,0.0
마파양념,0.0
중화해선장,0.0
쌍노두,0.0
탕수육양념,0.0
중화마늘콩양념,0.0
검은콩양념,0.0
안동찜닭양념,0.0
허니머스타드드레싱,0.0
딸기요거트드레싱,0.0
오리엔탈드레싱,0.0
사우전아일랜드드레싱,0.0
키위드레싱,0.0
타르타르드레싱,0.0
크리미양파드레싱,0.0
강된장찌개양념,0.0
사골부대찌개,0.0
매콤떡볶이양념,0.0
짜장분말,0.0
우동양념,0.0
깐풍칠리양념,0.0
니하오신신양념,0.0
짬뽕육수,0.0
쌍노두양념,0.0
중화양념,0.0
짜장양념,0.0
수리굴양념,0.0
쌍노두유,0.0
깐풍기양념,0.0
해물육수,0.0
해선장,0.0
노두유,0.0
매운맛굴양념,0.0
중화굴양념,0.0
오뎅양념,0.0
데리야끼양념,0.0
돈부리덮밥양념,0.0
밥양념,0.0
초밥양념,0.0
미츠칸오이가쓰오쯔유,0.0
얼큰나베양념,0.0
하와이돈까스양념,0.0
경양식돈까스양념,0.0
우마다시,0.0
전복간장양념,0.0
게우양념,0.0
타르타르양념,0.0
와규용양념,0.0
장어용양념,0.0
모밀양념,0.0
우동농축액,0.0
하바네로양념,0.0
데리양념,0.0
매운데리양념,0.0
메밀소바양념,0.0
타코야끼,0.0
볼카츠양념,0.0
오뎅다시,0.0
불카츠매운양념,0.0
매콤타코야끼양념,0.0
청양마요양념,0.0
샐러드양념,0.0
돈코츠라멘스프,0.0
나가사끼짬뽕양념,0.0
나가사끼짬뽕스프,0.0
신탄탄카라미양념프,0.0
비빔용소바양념,0.0
가쓰오우동다시,0.0
돈부리양념,0.0
탄탄멘스프,0.0
무라야마카레양념,0.0
소바쯔유,0.0
여우상자초대리,0.0
가쓰오우동양념,0.0
우동쯔유,0.0
오뎅육수,0.0
볶음우동양념,0.0
샤브쯔유,0.0
메밀장국,0.0
타레양념,0.0
우동장국,0.0
장어데리야끼양념,0.0
핫데리꼬치양념,0.0
깐풍똥집양념,0.0
팬더굴양념,0.0
야채양념,0.0
마라맛떡볶이베이스,0.0
초고노추간장,0.0
삼덕짜장양념,0.0
마향주이화조유,0.0
짬뽕페이스트,0.0
짬뽕다데기,0.0
하하두반장,0.0
사천식양념,0.0
사천식볶음양념,0.0
동파육양념,0.0
짬뽕분말,0.0
진한짬뽕양념,0.0
유린기양념,0.0
액상쓰촨양념,0.0
마라탕양념,0.0
명품짬뽕양념,0.0
마라탕샤브양념,0.0
꿔바로우양념,0.0
짜장가루,0.0
마파두부양념,0.0
광동식양념,0.0
탄탄페이스트,0.0
양조간장,0.0
노추왕간장,0.0
훠궈양념,0.0
마라샹궈양념,0.0
중화두반장,0.0
사천짜장양념,0.0
짬뽕탕양념,0.0
스파이시나가사끼짬뽕양념,0.0
깐풍양념,0.0
유니짜장양념,0.0
마라탄탄멘양념,0.0
두반양념,0.0
마라양념,0.0
후레쉬마라탕양념,0.0
라조장산초양념,0.0
마라훠궈양념,0.0
홍타이베이스양념,0.0
두반장양념,0.0
탕수간장양념,0.0
사골짬뽕육수,0.0
노천추,0.0
쯔마장,0.0
불랑카양념,0.0
황두장,0.0
갈릭깐풍양념,0.0
볶음엔굴양념,0.0
직화짬뽕분말,0.0
고기양념,0.0
탄탄면다데기,0.0
남해굴양념,0.0
훠궈마라탕양념,0.0
중화풍만능양념,0.0
라조장양파양념,0.0
짬뽕액상,0.0
비건탕수육양념,0.0
혼합즈마장,0.0
마파두부덮밥양념,0.0
라조장,0.0
짜장볶음양념,0.0
사천식탕수육양념,0.0
우동쯔유양념,0.0
미트토마토양념,0.0
매콤토마토스파게티양념,0.0
마일드데리야끼양념,0.0
라면양념,0.0
모밀소바양념,0.0
야끼소바양념,0.0
사누끼쯔유,0.0
오뎅쯔유,0.0
유자폰즈양념,0.0
미트칠리양념,0.0
레드양념,0.0
핫마요양념,0.0
콘마요양념,0.0
크림떡볶이양념,0.0
스모킨마운틴양념,0.0
크크크양념,0.0
빅불버거양념,0.0
돈모노다시,0.0
가쓰오국시장국,0.0
매운맛장어구이양념,0.0
순한맛장어구이양념,0.0
마늘데리야끼양념,0.0
우동국물쯔유,0.0
육수원액스프,0.0
메밀장,0.0
혼쯔유,0.0
타코야끼양념,0.0
모밀소바,0.0
가쓰오농축액,0.0
진돈코츠양념,0.0
데우찌액상스프,0.0
하나쯔유,0.0
가쓰오우동장국,0.0
쯔유,0.0
스윗마요양념,0.0
갈릭마요컵,0.0
할라피뇨칠리컵,0.0
멕시칸치폴레양념,0.0
오지치즈양념,0.0
햄버거양념,0.0
감바스양념,0.0
치폴레마요양념,0.0
에그마요양념,0.0
잠발라야,0.0
레몬크림양념,0.0
후레쉬토마토양념,0.0
맥양념,0.0
바질크림양념,0.0
로제스파게티,0.0
베이컨까르보나라파스타양념,0.0
명란로제파스타양념,0.0
토마토라구파스타양념,0.0
트러플크림파스타양념,0.0
스크양념,0.0
바크양념,0.0
살크양념,0.0
아크양념,0.0
오폰즈양념,0.0
오탈양념,0.0
믹크양념,0.0
부양념,0.0
시크양념,0.0
필라프에빠지다스테이크양념,0.0
옥수수크림양념,0.0
아란치니비프토마토,0.0
갈릭오일양념,0.0
과카몰리양념,0.0
라구양념,0.0
마라토마토양념,0.0
브라바양념,0.0
갈릭마요양념,0.0
갈릭샤워크림양념,0.0
나가사끼액상스프,0.0
돈부리노타레,0.0
오꼬노미양념,0.0
일식튀김용간장양념,0.0
규동양념,0.0
모밀육수양념,0.0
아리아케빠이탄스프,0.0
쯔유양념,0.0
데리덮밥양념,0.0
우동다시,0.0
온센숙성타레양념,0.0
참깨고마다래양념,0.0
연어장양념,0.0
분홍고추드레싱,0.0
시금치콩카레덮밥양념,0.0
우동원액,0.0
유자드레싱,0.0
프로마요양념,0.0
가쓰오냉메밀장국,0.0
돈부리쯔유,0.0
덮밥마요양념,0.0
간장덮밥양념,0.0
일본풍카레,0.0
향미암우동국물,0.0
와사비양념,0.0
초대리,0.0
우동육수,0.0
아부라양념,0.0
장어구이양념,0.0
메밀육수,0.0
이나타코야끼양념,0.0
치즈타코야끼양념,0.0
치즈할라타코양념,0.0
핫칠리타코양념,0.0
청양마요타코양념,0.0
폰즈양념,0.0
카레상카레양념,0.0
치킨가라아게양념,0.0
나가사키짬뽕분말,0.0
나가사키짬뽕액상,0.0
유자폰즈,0.0
가쓰오육수,0.0
우동시루,0.0
메밀양념,0.0
가쓰오진국,0.0
당고양념,0.0
모밀쯔유,0.0
초대리베이스,0.0
델리야끼양념,0.0
가쓰오메밀양념,0.0
매운데리야끼양념,0.0
야끼니꾸타래,0.0
빠이탄,0.0
미양념프,0.0
가쓰오액상스프,0.0
우동액상다시,0.0
오뎅액상다시,0.0
야끼니쿠용타레,0.0
미소라멘스프,0.0
쿠로쇼유라멘스프,0.0
유자양념,0.0
우동양념쯔유,0.0
우동쯔유분말,0.0
가쓰오쯔유,0.0
참치진국,0.0
카바야끼타레,0.0
돈코츠라면양념,0.0
새코미양념,0.0
오뎅국물쯔유,0.0
돈꼬츠라면스프,0.0
메밀국수용양념,0.0
메밀소바농축액,0.0
나가사끼양념,0.0
아리아케탄탄멘스프,0.0
초대리양념,0.0
메밀소바장국,0.0
규카츠간장양념,0.0
남방즈께양념,0.0
멘쯔유,0.0
모밀육수,0.0
와후카레,0.0
규동타레,0.0
블랙데리야끼양념,0.0
우동국물,0.0
스파이시다대기,0.0
화통한닭갈비양념,0.0
케이앤페퍼분말,0.0
코리앤더씨드,0.0
코리앤더분말,0.0
페페로치노,0.0
피클링솔트,0.0
페페론치노,0.0
생강가루,0.0
바질크러쉬드,0.0
고수잎분말,0.0
비프스파이시믹스,0.0
정향,0.0
피클링스파이스,0.0
갈릭후레이크,0.0
마늘가루,0.0
생강맛분말,0.0
파슬리후레이크,0.0
월계수잎,0.0
시나몬스틱,0.0
산초,0.0
케이엔페퍼,0.0
계피분말,0.0
강황분말,0.0
터머릭분말,0.0
큐민분말,0.0
홍고추맛가루,0.0
후추,0.0
카다몬분말,0.0
클로브,0.0
유기생강가루,0.0
칠리파우더,0.0
크러쉬드레드페퍼,0.0
케이준스파이스,0.0
양파가루,0.0
허브프로방스,0.0
산초분말,0.0
비프스파이스,0.0
레드페퍼,0.0
마살라,0.0
파프리카분말,0.0
카다몸분말,0.0
펜넬씨드,0.0
캐러웨이씨드,0.0
스모크향분,0.0
케이준스파이스분말,0.0
훈제파프리카스위트,0.0
사프란,0.0
타임분말,0.0
큐민시드,0.0
그래뉼레이티드,0.0
블랙빈양념,0.0
스리라차칠리양념,0.0
칠리오일,0.0
레드커리페이스트,0.0
칠리페이스트,0.0
옐로우커리페이스트,0.0
호이신양념,0.0
소이양념,0.0
코코넛크림,0.0
스퀴드피시양념,0.0
커리페이스트,0.0
스리라차양념,0.0
매운쌀국수칠리양념,0.0
쌀국수파우더,0.0
레드커리양념,0.0
핫칠리디핑양념,0.0
핫스위트칠리양념,0.0
쓰리라차,0.0
삼발양념,0.0
스프링롤양념,0.0
쌀국수장국,0.0
피시양념,0.0
똠양칠리페이스트,0.0
매운칠리양념,0.0
코코넛밀크,0.0
팟타이양념,0.0
월남쌈양념,0.0
피넛월남쌈양념,0.0
칠리샤브수끼양념,0.0
오레가노분말,0.0
시즈닝,0.0
와사비,0.0
맛소금,0.0
구운소금,0.0
소금,0.0
요오드소금,0.0
굵은소금,0.0
식염,0.0
팝콘쏠트,0.0
깨소금,0.0
양념소금,0.0
순대소금,0.0
표고버섯저염소금,0.0
허브솔트,0.0
함초소금,0.0
미네랄소금,0.0
팝콘소금,0.0
치킨소금,0.0
깨맛소금,0.0
핑크솔트,0.0
참깨,0.0
허브맛솔트,0.0
볶음참깨소금,0.0
히말라야핑크소금,0.0
트러플소금,0.0
소금팩,0.0
플뢰르드셀,0.0
산초가루,0.0
바질홀,0.0
제피가루,0.0
오향분말,0.0
올스파이스분말,0.0
마조람,0.0
로즈마리분말,0.0
터마릭,0.0
넛맥분말,0.0
월계수,0.0
코리안더분말,0.0
딜씨드,0.0
바질분말,0.0
스타아니스,0.0
큐민,0.0
마늘퓨레,0.0
코리안더,0.0
베이비리브,0.0
생강맛가루,0.0
천일염,0.0
쌀국수양념,0.0
참깨드레싱,0.0
요거트드레싱,0.0
시저드레싱,0.0
호두드레싱,0.0
발사믹드레싱,0.0
연어드레싱양념,0.0
프렌치드레싱,0.0
땅콩드레싱,0.0
양파드레싱,0.0
드레싱,0.0
크림시저드레싱,0.0
크림어니언드레싱,0.0
키위샐러드양념,0.0
어니언드레싱,0.0
오렌지바질드레싱,0.0
바질마요드레싱,0.0
스리라차마요드레싱,0.0
오일드레싱,0.0
사우전아일랜드양념,0.0
사과맛드레싱,0.0
케이준드레싱,0.0
랜치드레싱양념,0.0
해물볶음용양념,0.0
진미채볶음용양념,0.0
비건소이드레싱,0.0
레몬드레싱,0.0
망고양념,0.0
검보양념,0.0
블루베리양념,0.0
라즈베리양념,0.0
스트로베리양념,0.0
애플양념,0.0
발사믹양념,0.0
유자간장샐러드양념,0.0
현미오리엔탈드레싱,0.0
올리브발사믹비네그레트,0.0
흑임자드레싱,0.0
무지방드레싱,0.0
참깨유자드레싱,0.0
참깨된장드레싱,0.0
스파이시크림용양념,0.0
스파이시랜치드레싱,0.0
스리라차드레싱,0.0
레몬케일드레싱,0.0
올리브발사믹드레싱포션,0.0
렌치드레싱,0.0
새콤양념,0.0
마요양념,0.0
옐로우머스타드,0.0
허니유자드레싱양념,0.0
유자바질양념,0.0
비건스윗머스타드,0.0
스리라차마요양념,0.0
스위트드레싱,0.0
고추마요양념,0.0
스위트콘드레싱,0.0
머스타드,0.0
크림치즈드레싱,0.0
엑스오갈릭디핑양념,0.0
요거트양념,0.0
시트러스유자드레싱,0.0
타르타르드레싱양념,0.0
크리미어니언드레싱,0.0
흑임자양념,0.0
딸기드레싱,0.0
여우상자마요양념,0.0
매콤마요드레싱,0.0
오렌지드레싱양념,0.0
현미흑임자드레싱,0.0
블루베리드레싱,0.0
테이준머스타드,0.0
타타르양념,0.0
코울슬로드레싱,0.0
야채샐러드용드레싱,0.0
사우젼아일랜드드레싱,0.0
발사믹샐러드드레싱,0.0
소포장치즈맛머스타드,0.0
여우샐러드드레싱,0.0
와사비마요,0.0
허니라임드레싱,0.0
싸우젼아일랜드드레싱,0.0
스파이시크리미드레싱,0.0
레몬엔초비드레싱,0.0
딸기드레싱양념,0.0
닭도리양념,0.0
다진양념,0.0
두루치기양념,0.0
매운탕양념,0.0
해물탕양념,0.0
고등어조림양념,0.0
갈치조림양념,0.0
쫄면샐러드양념,0.0
순두부양념장,0.0
우렁강된장,0.0
구이양념,0.0
육사시미양념,0.0
육회양념,0.0
닭볶음탕양념장,0.0
비빔냉면양념장,0.0
매운양념,0.0
레몬주스,0.0
마요네즈,0.0
매운탕탕면양념,0.0
크림치즈마요양념,0.0
명랑허니머스타드,0.0
청양고추마요양념,0.0
홍고추마요양념,0.0
마요네즈양념,0.0
다데기,0.0
양념육양념,0.0
육개장양념,0.0
흑임자갈릭드레싱,0.0
냉쌀국수양념,0.0
분짜양념,0.0
껌땀양념,0.0
분보사오비빔양념,0.0
삼겹볶음양념,0.0
분보사오간장양념,0.0
치킨마크니커리,0.0
풋팟퐁커리,0.0
쌀국수육수원액,0.0
커리양념,0.0
파타이양념,0.0
샤브스끼양념,0.0
쓰리라차칠리양념,0.0
소포위트칠리,0.0
스촨양념,0.0
땅콩양념,0.0
해산물쌀국수육수,0.0
양지쌀국수육수,0.0
분짜,0.0
똠얌페이스트,0.0
튀김엔스위트칠리양념,0.0
하노이양지쌀국수,0.0
야채용드레싱,0.0
나시고랭양념,0.0
소이팟양념,0.0
쌀국수육수,0.0
칠리두반양념,0.0
명랑핫칠리양념,0.0
쌀국수농축액,0.0
치킨탄두리양념,0.0
푸팟퐁커리양념,0.0
쌀국수육수베이스,0.0
몬스터코코넛밀크,0.0
베테랑중화칠리양념,0.0
코코넛커리페이스트,0.0
피쉬양념,0.0
마크니커리양념,0.0
깐쇼칠리양념,0.0
매콤칠리맛양념,0.0
쇠고기쌀국수베이스,0.0
볶음밥양념,0.0
볶음면양념,0.0
얼큰베이스,0.0
칠리피클양념,0.0
엑스오스위트칠리양념,0.0
탄두리양념,0.0
케켑마니스,0.0
케켑삼벨,0.0
타마린드,0.0
볶음쌀국수양념,0.0
망고칠리양념,0.0
냉쌀국수베이스,0.0
피넛양념,0.0
반미칠리양념,0.0
마크니양념,0.0
어니언버터스리라차분말,0.0
피쉬액젓,0.0
칠리리퀴드양념,0.0
새우볶음밥용페이스트,0.0
게살볶음밥용페이스트,0.0
분짜육수베이스,0.0
쇠고기쌀국수양념,0.0
마라탕쌀국수양념,0.0
사골닭칼국수양념,0.0
땅콩버터양념,0.0
뿌팟퐁커리,0.0
마라쓰리라차칠리양념,0.0
옥수수드레싱,0.0
요구르트드레싱,0.0
새콤유자양념,0.0
키위양념,0.0
자몽양념,0.0
한라봉샐러드양념,0.0
홀스래디쉬드레싱,0.0
바나나드레싱,0.0
치즈디핑드레싱,0.0
시저샐러드드레싱,0.0
자몽드레싱양념,0.0
티양념,0.0
유자샐러드양념,0.0
유자오리엔탈드레싱,0.0
시저양념,0.0
마늘드레싱,0.0
유자오렌지드레싱,0.0
타르드레싱,0.0
와사비마요드레싱,0.0
올리브발사믹드레싱,0.0
스모키디종양념,0.0
치즈드레싱,0.0
스위트머스타드,0.0
사워크림양념,0.0
와사비타르타르양념,0.0
프렌치발사믹,0.0
사워크림드레싱,0.0
참깨흑임자드레싱,0.0
갈릭치즈드레싱,0.0
올리브바질드레싱,0.0
허니디핑양념,0.0
프렌치발사믹드레싱,0.0
훠궈디핑양념,0.0
엑스오엑스오딸기스무디,0.0
초고추장,0.0
춘장,0.0
귀리음료,0.0
오트음료,0.0
오트우유,0.0
언스위트,0.0
아몬드브리즈,0.0
아몬드음료,0.0
두유,0.0
레모네이드분말,0.0
일식간장,0.0
청국장,0.0
고추장,0.0
꿀유자차,0.0
꿀생강차,0.0
유자청,0.0
꿀대추자,0.0
햇유자청,0.0
헛개수,0.0
꿀레몬차,0.0
꿀대추차,0.0
수정과,0.0
생수,0.0
실론티,0.0
하늘보리,0.0
헛개차,0.0
허니루비자몽차,0.0
참꿀유자차,0.0
꿀모과차,0.0
홍삼진,0.0
블랙보리,0.0
자색옥수수수염차,0.0
잡화맛청,0.0
꿀레드자몽차,0.0
밀크티,0.0
꿀한라봉차,0.0
꿀오미자차,0.0
꿀복분자차,0.0
꿀알로에차,0.0
꿀홍삼차,0.0
된장,0.0
쌈장,0.0
꿀청귤차,0.0
꿀사과차,0.0
꿀석류차,0.0
테너베이스농축액,0.0
자몽농축액,0.0
레몬농축액,0.0
스트로베리믹스퓨레,0.0
레몬에이드농축액,0.0
망고원액,0.0
뱅쇼베이스,0.0
바나나원액,0.0
체리에이드농축액,0.0
청포도에이드농축액,0.0
음료베이스,0.0
레몬베이스,0.0
자몽베이스,0.0
깔라만시베이스,0.0
에이드농축액,0.0
망고베이스,0.0
식혜베이스,0.0
석류원액,0.0
식혜,0.0
레몬음료베이스,0.0
오렌지에이드농축액,0.0
라임에이드,0.0
한라봉퓨레,0.0
매실청,0.0
패션후르츠믹스,0.0
블루베리베이스,0.0
딸기베이스,0.0
자몽에이드농축액,0.0
미초,0.0
자몽원액,0.0
복숭아홍차,0.0
자두베이스,0.0
오키나와흑당베이스,0.0
러쉬블루베리베이스,0.0
러쉬자몽베이스,0.0
라임베이스,0.0
패션후루츠크러쉬,0.0
청포도베이스,0.0
메론원액,0.0
커피베이스,0.0
홍자몽농축액,0.0
청포도농축액,0.0
살구원액,0.0
오렌지농축액,0.0
블루레몬에이드농축액,0.0
복숭아원액,0.0
수정과베이스,0.0
프로틴밀,0.0
딸기주스원액,0.0
딸기스무디,0.0
키위스무디,0.0
베리믹스스무디,0.0
망고스무디,0.0
매실원액,0.0
복분자원액,0.0
오미자원액,0.0
레몬드링크원액,0.0
오렌지원액,0.0
딸기원액,0.0
키위원액,0.0
포도원액,0.0
키위주스원액,0.0
블루베리스무디,0.0
냉식혜,0.0
음료,0.0
바나나스무디,0.0
콜라시럽,0.0
산매실,0.0
매실양념,0.0
홍초,0.0
레몬원액,0.0
사과원액,0.0
라즈베리스무디,0.0
레몬스무디,0.0
복숭아스무디,0.0
유자스무디,0.0
애플망고에이드,0.0
블루베리원액,0.0
황금매실,0.0
자몽스무디,0.0
청매실엑기스,0.0
사과농축액,0.0
체리원액,0.0
브라운슈가베이스,0.0
로얄밀크티베이스,0.0
망고크러쉬,0.0
사과초,0.0
복숭아콤포트,0.0
자두콤포트,0.0
열대과일베이스,0.0
한라봉베이스,0.0
단호박식혜,0.0
홍차베이스,0.0
실론홍차베이스,0.0
패션후루츠원액,0.0
커피믹스베이스,0.0
초당옥수수베이스,0.0
옥수수베이스,0.0
월앙매실,0.0
매실엑기스,0.0
얼그레이홍차베이스,0.0
패션후르츠농축액,0.0
흑당시럽,0.0
체리콕베이스,0.0
더진한딸기,0.0
더진한망고,0.0
더진한허니자몽블랙티,0.0
베이스히비스커스트로피칼,0.0
블루하와이안레몬농축액,0.0
허니자몽농축액,0.0
제로콜라시럽,0.0
오렌지베이스,0.0
배도라지청,0.0
레몬청,0.0
바나나베이스,0.0
베이스블랙라벨,0.0
유자원액,0.0
흑임자베이스,0.0
매실농축액,0.0
청귤청,0.0
흑당베이스,0.0
레드자몽음료베이스,0.0
매실과즙농축액,0.0
블루베리농축액,0.0
생강청,0.0
오미자청,0.0
홍시스무디,0.0
애플망고농축액,0.0
자두스무디,0.0
오미자엑기스,0.0
오렌지농축베이스,0.0
자몽농축베이스,0.0
배베이스,0.0
청사과베이스,0.0
타트체리베이스,0.0
바닐라빈양념,0.0
로즈힙자몽베이스,0.0
리치청포도베이스,0.0
금귤베이스,0.0
딸기라떼청,0.0
패션후르츠에이드,0.0
매실차,0.0
애플에이드,0.0
석류에이드,0.0
체리베이스,0.0
쿨다방,0.0
꿀도라지차,0.0
라떼,0.0
콘트라베이스,0.0
캔커피,0.0
헤이즐넛커피,0.0
카페타임,0.0
티오피,0.0
콜드브루원액,0.0
빈티지스위트아메리카노,0.0
강릉커피,0.0
파이크플레이스로스트블랙,0.0
앤업카페,0.0
다방커피,0.0
스키니라떼,0.0
콜드브루,0.0
콜드브루커피원액,0.0
플라워콜드브루,0.0
플라넬드립라떼,0.0
쇼콜라모카,0.0
다크콜드브루,0.0
토피넛시그니처라떼,0.0
부족할때,0.0
게토레이,0.0
솔의눈,0.0
더치커피원액,0.0
콜드브루더치커피,0.0
모카치노,0.0
모카프레소,0.0
에스프레소라떼,0.0
스모키로스팅라떼,0.0
카푸치노,0.0
콜드브루커피,0.0
돌체콜드브루,0.0
콜드브루블랙,0.0
로어슈거에스프레소라떼,0.0
아침헛개차,0.0
초가을우엉차,0.0
청귤차,0.0
자몽청,0.0
한라봉청,0.0
패션후르츠청,0.0
생강차,0.0
오미자차,0.0
황금보리차,0.0
홍삼수,0.0
농축쌍화차,0.0
태양의식후비법차,0.0
꿀자몽차,0.0
자두청,0.0
카라멜딥프레소,0.0
에스프레소커피,0.0
프렌치카페,0.0
마끼아토커피,0.0
바닐라커피,0.0
모카초코커피,0.0
카페모카,0.0
마끼아또,0.0
티스틱,0.0
티즐,0.0
캐모마일릴렉싱프레쉬,0.0
마일드커피,0.0
모카커피,0.0
모카라떼,0.0
마운틴블라스트,0.0
아침햇살,0.0
홍삼기력보,0.0
파워에이드,0.0
웨이프로틴드링크,0.0
쥬시쿨,0.0
토레타,0.0
블루베리아이스티,0.0
블루레몬에이드,0.0
쌀식혜,0.0
홍삼대보,0.0
보틀선식,0.0
빙탕설리,0.0
코코넛음료,0.0
희망찬하루보틀선식,0.0
요거상큼복숭아,0.0
요거풋풋사과,0.0
미니망고,0.0
미니사과,0.0
흑삼대보,0.0
복숭아에이드,0.0
깔라만시,0.0
야채수,0.0
딸기바나나스무디,0.0
건강식품,0.0
자두에이드,0.0
비타치어팩,0.0
좋은하루홍삼,0.0
초코드링크,0.0
머스켓드링크,0.0
사과드링크,0.0
쿨피스,0.0
코코팜,0.0
큰집식혜,0.0
컨피던스,0.0
화이브미니,0.0
초콜릿드링크,0.0
포카리스웨트,0.0
비타,0.0
헛개컨디션파워,0.0
박카스,0.0
미에로화이바,0.0
모구모구,0.0
레드핑크블라썸,0.0
위생천,0.0
쥬시쿨에이드,0.0
칡즙,0.0
이온더핏,0.0
비타민음료,0.0
아이스크림용믹스,0.0
스위티옐로우,0.0
청귤에이드,0.0
오로나민,0.0
명랑시대식혜,0.0
쌍화,0.0
소다에이드,0.0
블랙양념,0.0
순한맛양념,0.0
간장치킨양념,0.0
떡볶이양념,0.0
간장양념,0.0
호르몬동양념,0.0
맛탕양념,0.0
매운해물볶음양념,0.0
주먹밥양념,0.0
참바다야채볶음양념,0.0
부대찌개사골양념,0.0
돈골엑기스,0.0
냉면육수,0.0
매운맛양념,0.0
파채양념,0.0
계란간장,0.0
불닭양념,0.0
냉채양념,0.0
꼬치양념,0.0
참새콤양념,0.0
마늘간장치킨양념,0.0
강정양념,0.0
마늘베이스양념,0.0
진미양념,0.0
골뱅이양념,0.0
비빔국수장,0.0
육수농축액기스,0.0
닭육수베이스,0.0
까르보나라떡볶이양념,0.0
간장찜닭덮밥양념,0.0
닭강정양념,0.0
꿀간장양념,0.0
간장파닭양념,0.0
참깨양념,0.0
육장양념,0.0
달콤양념,0.0
매운쫄면양념,0.0
매콤달콤양념치킨양념,0.0
매운맛떡볶이양념,0.0
볶음양념,0.0
순한맛떡볶이양념,0.0
오리지날버거양념,0.0
동치미냉면육수,0.0
매콤돈까스양념,0.0
멸치육수원액,0.0
명랑불닭양념,0.0
마늘농축액,0.0
마늘생강농축액,0.0
생마늘농축액,0.0
파엑기스,0.0
비빔덮밥양념,0.0
코다리조림용양념,0.0
비법양념,0.0
돈사골추출액,0.0
사골육수엑기스,0.0
멸치농축액,0.0
불족발양념,0.0
매콤떡볶이분말,0.0
퐁커리양념,0.0
불떡볶이분말,0.0
치킨양념,0.0
청양풍간장양념,0.0
전복양념,0.0
쟁반국수양념,0.0
족발볶음양념,0.0
막국수육수,0.0
족발파우치,0.0
통닭양념,0.0
갈비탕육수,0.0
만능탕분말,0.0
술국양념,0.0
사골엑기스,0.0
옛날돈까스양념,0.0
어묵스프,0.0
매운돈까스양념,0.0
김치덮밥양념,0.0
제육덮밥양념,0.0
불닭덮밥양념,0.0
오징어덮밥양념,0.0
멜젓양념,0.0
멸치육수,0.0
마늘간장양념,0.0
쌀떡볶이양념,0.0
쌀양념치킨양념,0.0
더좋은간장치킨양념,0.0
멸치육수베이스,0.0
파무침양념,0.0
고추양념,0.0
갈비치킨양념,0.0
해파리냉채양념,0.0
닭육수,0.0
덮밥양념,0.0
사골육수,0.0
매운육수,0.0
마제양념,0.0
짜글이양념,0.0
매운비빔장,0.0
양념된장,0.0
불고기전골양념,0.0
라볶이분말,0.0
간장육수,0.0
간장타래양념,0.0
미소제육양념,0.0
테이준양념,0.0
모던간장치킨양념,0.0
특급양념,0.0
삼계탕육수베이스,0.0
삼겹살카레양념,0.0
떡볶이파우더,0.0
숯불향고기양념,0.0
밀면육수,0.0
야끼니꾸덮밥양념,0.0
이백장돈까스양념,0.0
매운불양념장,0.0
밀푀육수,0.0
매콤양념,0.0
새우장양념,0.0
간장새우베이스,0.0
전골양념,0.0
안동식찜닭양념,0.0
돼지불고기덮밥양념,0.0
맛내기양념,0.0
냉채족발양념,0.0
김치양념분말,0.0
땡초치킨양념,0.0
치즈갈릭양념,0.0
어묵탕육수,0.0
고추장바베큐양념,0.0
고추장양념,0.0
규지루엑기스,0.0
치밥플렉스양념,0.0
참양념,0.0
만능멸치육수,0.0
아매워양념,0.0
얼큰양념,0.0
라볶이양념,0.0
달달간장양념,0.0
돈골육수베이스,0.0
김치볶음양념,0.0
호랑이치킨양념,0.0
진한바지락육수양념,0.0
분제육덮밥양념,0.0
짜장치킨양념,0.0
국밥육수,0.0
온육수양념,0.0
불보쌈양념,0.0
쌈장양념,0.0
돈사골엑기스,0.0
닭고기장조림덮밥양념,0.0
육류페퍼양념,0.0
감칠맛면수,0.0
에그양념,0.0
깨양념,0.0
파닭양념,0.0
떡볶이베이스,0.0
매우면장,0.0
진한멸치육수양념,0.0
막창양념,0.0
불막창양념,0.0
사골육수농축액,0.0
돈골농축액,0.0
치킨양념매운맛양념,0.0
파무침장양념,0.0
쇠고기엑기스,0.0
겨자양념,0.0
간장불고기양념,0.0
키친양념,0.0
갈릭유자양념,0.0
한우물곤육수,0.0
훈제향양념,0.0
낙지볶음양념,0.0
오징어볶음양념장,0.0
꼬치구이양념,0.0
냉채겨자양념,0.0
다시마엑기스,0.0
해파리양념,0.0
액상스프,0.0
칡냉면육수,0.0
겨자냉채양념,0.0
캡사이신양념,0.0
샐파양념,0.0
불양념,0.0
바지락육수,0.0
꿩사골육수,0.0
맛육수,0.0
김치패키지,0.0
동태패키지,0.0
부대패키지,0.0
진육수,0.0
진국육수,0.0
비빔골뱅이양념,0.0
매운맛치킨양념,0.0
진다시액체스프,0.0
고명양념,0.0
생강엑기스,0.0
표고버섯농축액,0.0
진국사골,0.0
멸치국수장국,0.0
유자와사비냉채양념,0.0
케찹,0.0
해선간장,0.0
불낙용양념,0.0
특제양념,0.0
쇠고기진육수,0.0
매운통닭양념,0.0
샤브육수원액,0.0
디포리육수,0.0
샤브양념,0.0
속초김선숙황태육수,0.0
매콤떡볶이분말양념,0.0
치킨엔매콤양념,0.0
튀김엔레몬파닭양념,0.0
치즈닭살볶음양념,0.0
라이스볶음양념,0.0
유자베이스양념,0.0
옛날양념치킨양념,0.0
불족양념,0.0
양념게장양념,0.0
꼬지양념,0.0
김치찌개육수,0.0
장아찌간장양념,0.0
해물맛양념,0.0
오뎅탕양념,0.0
고추장매운양념,0.0
갈비탕분말,0.0
파마늘간장양념,0.0
돈카츠양념,0.0
일식돈까스양념,0.0
김치볶음밥양념,0.0
원양념,0.0
부추무침용양념,0.0
어묵용양념,0.0
사골육수베이스,0.0
쟁반국수용육수,0.0
순한맛치킨양념,0.0
액상캡사이신,0.0
진국해물육수,0.0
제육볶음양념,0.0
겨자비양념,0.0
매운불닭양념,0.0
매운꼬치양념,0.0
매운맛양념치킨양념,0.0
멸치육수진국,0.0
사골농축액,0.0
핫볶음양념,0.0
냉두부양념,0.0
평양냉면육수,0.0
스파이시돈까스양념,0.0
초매운양념치킨양념,0.0
김치엑기스,0.0
다되는매운양념,0.0
매운닭발양념,0.0
불닭용양념,0.0
매콤불닭양념,0.0
황태양념,0.0
간장,0.0
숯불흑마늘소이양념,0.0
파간장양념,0.0
김치말이국수양념,0.0
매운디핑양념,0.0
델리국물떡볶이양념,0.0
더김치찌개베이스,0.0
오뎅우동다시,0.0
샤브샤브맛내기육수,0.0
양념컵,0.0
페퍼양념컵,0.0
치킨용디핑양념,0.0
돈가스양념,0.0
매운갈비찜양념,0.0
양지냉면육수,0.0
소떡소떡양념,0.0
잔치국수멸치진액,0.0
대파양념,0.0
모음떡볶이양념,0.0
쫄면비빔장,0.0
비빔면양념,0.0
파양념,0.0
김치볶음밥용분말양념,0.0
돼지불판양념,0.0
소시지볶음양념,0.0
스파이시양념,0.0
콤보양념,0.0
허니콤보양념,0.0
간장찜닭양념,0.0
북어장양념,0.0
생돼지김치전골양념,0.0
볶음고추장양념,0.0
볶음용된장양념,0.0
매운양념장,0.0
브라운돈까스양념,0.0
파닭용양념,0.0
허니간장양념,0.0
전골육수,0.0
탕베이스양념,0.0
무침양념,0.0
치킨마일드양념,0.0
양파지양념,0.0
주양념,0.0
김치찌개분말,0.0
냉국수양념장,0.0
딸기맛화채양념,0.0
매운찜양념,0.0
탕베이스,0.0
모음육수,0.0
시저딥핑양념,0.0
진한양지맛냉면육수,0.0
짜장떡볶이양념,0.0
물밀면다대기,0.0
밀면육수농축액,0.0
밀면비빔양념,0.0
두루두루불닭양념,0.0
냉국수육수,0.0
김치말이육수,0.0
매운돈카츠양념,0.0
얼큰다대기,0.0
냉면화끄니불냉장,0.0
얼큰분말,0.0
육수베이스분말,0.0
불맛양념,0.0
불냉면비빔양념,0.0
치킨마요덮밥양념,0.0
간장마늘치킨양념,0.0
요리애한스푼,0.0
로제떡볶이파우더,0.0
비건양념치킨양념,0.0
럭키양념,0.0
럭키핫양념,0.0
매콤간장양념,0.0
레게노양념종세트,0.0
파머빌요거트양념,0.0
마늘간장,0.0
펍부자치킨양념,0.0
연겨자양념,0.0
빨간양념,0.0
태화우육탕양념,0.0
쌀칼국수면,0.0
칼국수스프,0.0
장칼국수양념장,0.0
간장찜양념,0.0
워싱턴양념,0.0
쭈삼불고기양념,0.0
육육치킨양념,0.0
순두부양념,0.0
주꾸미볶음양념,0.0
육수농축액,0.0
밀면양념장,0.0
로제덮밥용양념,0.0
카레덮밥용양념,0.0
족발간장양념,0.0
매콤볶음면양념,0.0
고추장찜닭양념,0.0
불찜닭양념,0.0
철판볶음양념,0.0
양파장양념,0.0
스위스베어블랙페퍼양념,0.0
불고기덮밥양념,0.0
신치킨양념,0.0
볶음밥베이스,0.0
쫄면장양념,0.0
마제덮밥간장양념,0.0
소고기육수,0.0
물회양념,0.0
간장바베큐양념,0.0
버터구이바베큐양념,0.0
땡초바베큐양념,0.0
된장찌개양념베이스,0.0
한우사골엑기스,0.0
돈민찌불고기양념,0.0
잔치국수베이스,0.0
쭈꾸미양념,0.0
국물육수,0.0
달콤마늘간장양념,0.0
고추장떡볶이양념,0.0
진심돈까스양념,0.0
진심쫄면양념,0.0
청국장찌개양념,0.0
매콤양념육용양념,0.0
짜글이용양념,0.0
직화양념,0.0
볶음장,0.0
초무침장,0.0
고기육수,0.0
온육수,0.0
땡초양념,0.0
직화만능볶음양념,0.0
버터간장양념,0.0
고기국수용육수,0.0
버터떡볶이분말,0.0
마피아양념,0.0
한우사골농축액,0.0
장아찌양념,0.0
한방육수,0.0
단지떡볶이양념,0.0
우육탕양념,0.0
불맛가루,0.0
페퍼양념,0.0
일뽕베이스,0.0
차뽕베이스,0.0
튀김양념,0.0
매운떡볶이양념,0.0
매운고추양념,0.0
사골맛육수,0.0
옐로양념,0.0
김밥양념,0.0
매운떡볶이파우더,0.0
옛날떡볶이파우더,0.0
키친비빔양념,0.0
생선매운탕양념,0.0
생선조림용양념,0.0
두부조림용양념,0.0
찜닭용간장양념,0.0
로얄볼케이노양념,0.0
불고기양념벤또,0.0
순두부다데기,0.0
바베큐직화양념,0.0
토마토돈까스양념,0.0
차돌국물떡볶이양념,0.0
매운양념육수,0.0
된장육수,0.0
어니언강정양념,0.0
불닭액상스프,0.0
숯불양념,0.0
덮밥도씨숯불바베큐양념,0.0
