Product,Price
피마늘(대만종_대 계약재배용 KG),1691442104
피마늘(스페인종_중 계약재배용 KG),914725640
제이팜스 깐마늘(하선정용 중 김치용 KG),656430839
피마늘(대만종_중 계약재배용 KG),580477733
피마늘(대만종_중소 계약재배용 KG),396580397
피마늘(스페인종_대 계약재배용 KG),371105160
피마늘(대만종_소 계약재배용 KG),331356743
피마늘(스페인종_소 계약재배용 KG),244777142
깐마늘(대 꼭지제거 1Kg/PAC),221654188
피마늘(스페인종_중소 계약재배용 KG),170419093
마늘(남원공장용 6mm쵸핑 1Kg/EA),91306420
흑마늘(상품 1Kg/EA),60030000
깐마늘(대 꼭지제거 KG),56291272
깐마늘(대_꼭지제거 500g/PAC),50255241
깐마늘(대 1Kg/PAC),44471782
깐마늘(대 KG),41313529
깐마늘(중 1Kg/PAC),38092891
깐마늘(상품 꼭지제거 KG),35248638
깐마늘(소 KG),35034749
마늘(제당논산공장용 3mm KG),31335233
마늘(제당진천공장용 대 피육쪽_주대제거 KG),30065991
마늘(남원공장용 꼭지제거_3*3mm다이스 1Kg/EA),29922477
악소리 깐마늘(KG),29786596
깐마늘(중 KG),22263327
깐마늘(중 500g/PAC),17318502
피마늘(대 KG),17164000
깐마늘(대 500g/PAC),14245124
깐마늘(소 1Kg/PAC),11757356
깐마늘(P 대 꼭지제거 1Kg/EA),10361898
아이누리 깐마늘(대 1Kg/EA),9758420
마늘(제당논산공장용 상품 3mm 1Kg/EA),8450809
아이누리 깐마늘(대_꼭지제거 KG),7839890
깐마늘(P 대 1Kg/EA),7680632
깐마늘(대_꼭지제거 키즈용 KG),7089789
마늘(제당논산공장용 6mm쵸핑 KG),5861760
깐마늘(P 특대 1Kg/EA),5489148
깐마늘(RS용 소 4Kg/BOX),5454816
통마늘(상품 껍질있음 KG),5327470
깐마늘(키즈용 대 1Kg/EA),5221098
깐마늘(P 극소 1Kg/EA),5176448
아이누리 깐마늘(중 500g/EA),4974830
깐마늘(키즈용 중 500g/EA),4662814
깐마늘(P 대 5Kg/EA),2816784
아이누리 깐마늘(중 1Kg/EA),2728320
깐마늘(키즈용 중 1Kg/EA),2338810
피마늘(주대제거_육쪽 1Kg/PAC),2120100
깐마늘(P 파지 1Kg/EA),1917936
깐마늘(창고용 대 1Kg/EA),1844468
깐마늘(RS용 대 1Kg/EA),1635798
깐마늘(키즈용 소 1Kg/EA),1027150
깐마늘(P 대 500g/EA),889301
깐마늘(제당진천공장용 KG),758650
깐마늘(RS용 대 꼭지제거 1Kg/EA),719839
깐마늘(P 소 1Kg/EA),507903
깐마늘(P 대_꼭지제거 200g/EA),478332
제이팜스 깐마늘(하선정용 대 다담용 KG),466240
깐마늘(푸드빌용 대 300g/EA),383334
깐마늘(P 대 200g/EA),348954
깐마늘(비즈B용 대 1Kg/EA),324726
깐마늘(P 중 1Kg/EA),250874
깐마늘(P 대_꼭지제거 300g/EA),247176
깐마늘(RS용 소 1Kg/EA),228032
깐마늘(P 중 300g/EA),177780
깐마늘(비즈B용 중 1Kg/EA),174539
깐마늘(P 대_꼭지제거 500g/EA),161037
깐마늘(P 대 300g/EA),146997
깐마늘(특품 1Kg/EA),125840
깐마늘(RS용 대 꼭지제거 500g/EA),85873
통마늘(P 1Kg/EA),66638
깐마늘(대 5Kg/EA),51407
깐마늘(P 중 200g/EA),44371
깐마늘(P 소 300g/EA),34283
깐마늘(상품 기계깐것_4g이상/개 KG),29360
깐마늘(KG),18750
깐마늘(P 중 500g/EA),18577
깐마늘(P 극소 500g/EA),12364
깐마늘(상품 500g/PAC),8500
피마늘(푸드빌용 KG),7674
깐마늘(P 소 200g/EA),5452
깐마늘(P 소 500g/EA),3332
